id,prediction
1,0.0
3,0.0
9,1.0
13,0.0
15,0.0
18,0.0
26,0.0
27,0.0
29,0.0
31,0.0
33,0.0
35,0.0
36,0.0
43,0.0
44,0.0
45,0.0
49,0.0
58,0.0
66,0.0
69,1.0
74,0.0
75,0.0
78,0.0
80,0.0
81,0.0
83,0.0
90,0.0
93,0.0
94,0.0
97,0.0
99,0.0
104,0.0
119,0.0
120,0.0
121,0.0
122,0.0
128,0.0
133,0.0
135,0.0
143,0.0
145,0.0
146,0.0
148,0.0
149,0.0
151,0.0
152,0.0
155,0.0
158,0.0
162,0.0
177,0.0
178,0.0
180,0.0
181,0.0
191,0.0
192,0.0
201,0.0
205,0.0
206,0.0
207,0.0
209,0.0
213,0.0
217,0.0
223,0.0
226,0.0
228,0.0
229,0.0
232,0.0
237,0.0
266,0.0
269,0.0
273,0.0
277,0.0
279,0.0
289,0.0
292,0.0
296,0.0
298,0.0
302,0.0
312,0.0
325,0.0
332,0.0
334,0.0
335,0.0
347,0.0
360,0.0
368,0.0
369,0.0
376,0.0
378,0.0
383,0.0
384,0.0
393,0.0
394,0.0
400,0.0
406,0.0
409,0.0
410,0.0
420,0.0
423,0.0
427,0.0
430,0.0
437,0.0
441,0.0
442,0.0
446,0.0
448,0.0
450,0.0
452,0.0
455,0.0
458,0.0
460,0.0
461,0.0
463,0.0
468,0.0
470,0.0
471,0.0
476,0.0
477,0.0
478,0.0
485,0.0
486,0.0
488,0.0
491,0.0
507,0.0
512,0.0
522,0.0
527,0.0
531,0.0
533,0.0
535,0.0
540,0.0
541,1.0
542,0.0
545,0.0
547,0.0
554,0.0
555,0.0
557,0.0
558,0.0
569,0.0
577,0.0
579,0.0
583,0.0
586,0.0
588,0.0
590,0.0
593,0.0
598,0.0
603,1.0
617,0.0
618,0.0
619,0.0
620,0.0
621,0.0
624,0.0
638,0.0
639,0.0
640,0.0
642,0.0
660,0.0
663,0.0
667,0.0
676,0.0
685,0.0
698,0.0
705,0.0
710,0.0
723,0.0
734,0.0
736,0.0
737,0.0
738,0.0
743,0.0
746,0.0
748,0.0
749,0.0
751,0.0
752,0.0
754,0.0
757,0.0
760,0.0
761,0.0
762,0.0
763,0.0
769,0.0
770,0.0
771,0.0
775,0.0
781,0.0
782,0.0
788,0.0
790,0.0
792,0.0
802,0.0
803,0.0
807,0.0
809,0.0
812,0.0
820,0.0
822,0.0
827,0.0
830,0.0
834,0.0
843,0.0
845,0.0
847,0.0
859,0.0
862,0.0
867,0.0
868,0.0
874,0.0
876,0.0
878,0.0
881,0.0
888,0.0
889,0.0
892,0.0
896,0.0
901,0.0
908,0.0
909,0.0
912,0.0
921,0.0
923,0.0
924,0.0
936,0.0
939,0.0
940,0.0
945,0.0
957,0.0
961,0.0
963,0.0
964,0.0
968,0.0
976,0.0
978,0.0
982,0.0
985,0.0
989,0.0
993,0.0
996,0.0
1004,0.0
1010,0.0
1012,0.0
1015,0.0
1016,0.0
1017,0.0
1023,0.0
1024,0.0
1027,0.0
1028,0.0
1034,0.0
1035,0.0
1042,0.0
1046,0.0
1051,0.0
1053,0.0
1059,0.0
1067,0.0
1072,0.0
1073,0.0
1074,0.0
1079,0.0
1082,0.0
1085,0.0
1092,0.0
1096,0.0
1099,0.0
1100,0.0
1101,0.0
1105,0.0
1114,0.0
1117,0.0
1119,0.0
1124,0.0
1125,0.0
1126,0.0
1127,0.0
1133,0.0
1137,0.0
1150,0.0
1153,0.0
1160,0.0
1165,0.0
1166,0.0
1168,0.0
1174,0.0
1182,0.0
1192,0.0
1193,0.0
1199,0.0
1203,1.0
1205,0.0
1210,0.0
1211,0.0
1212,0.0
1214,0.0
1223,0.0
1224,0.0
1226,0.0
1229,0.0
1233,0.0
1234,0.0
1235,0.0
1243,0.0
1248,0.0
1249,0.0
1251,0.0
1254,0.0
1256,0.0
1259,0.0
1272,0.0
1276,0.0
1277,0.0
1297,0.0
1305,0.0
1309,0.0
1310,0.0
1311,0.0
1321,0.0
1323,0.0
1324,0.0
1329,0.0
1333,0.0
1335,0.0
1346,0.0
1369,0.0
1372,0.0
1373,0.0
1379,0.0
1380,0.0
1383,0.0
1385,0.0
1391,0.0
1392,0.0
1395,0.0
1402,0.0
1408,0.0
1412,0.0
1420,0.0
1421,0.0
1432,0.0
1434,0.0
1437,0.0
1441,0.0
1446,0.0
1451,0.0
1452,0.0
1458,0.0
1468,0.0
1470,0.0
1475,0.0
1476,0.0
1479,0.0
1480,0.0
1487,0.0
1492,0.0
1496,0.0
1499,0.0
1501,0.0
1507,0.0
1512,0.0
1526,0.0
1530,0.0
1539,0.0
1547,0.0
1549,0.0
1552,0.0
1554,0.0
1555,0.0
1557,0.0
1561,0.0
1563,0.0
1564,0.0
1565,0.0
1572,0.0
1582,0.0
1583,0.0
1585,0.0
1591,0.0
1592,0.0
1596,0.0
1598,0.0
1599,0.0
1600,0.0
1602,0.0
1605,0.0
1606,0.0
1607,0.0
1609,0.0
1611,0.0
1620,0.0
1622,0.0
1627,0.0
1629,0.0
1632,0.0
1634,0.0
1639,0.0
1643,0.0
1644,0.0
1661,0.0
1668,0.0
1675,0.0
1683,0.0
1685,0.0
1686,0.0
1688,0.0
1690,0.0
1695,0.0
1697,0.0
1698,0.0
1701,0.0
1704,0.0
1705,0.0
1710,0.0
1711,0.0
1712,0.0
1715,0.0
1725,0.0
1727,0.0
1728,0.0
1731,0.0
1736,0.0
1738,0.0
1740,0.0
1741,0.0
1743,0.0
1744,0.0
1745,0.0
1750,0.0
1752,0.0
1756,0.0
1757,0.0
1765,0.0
1770,0.0
1783,0.0
1784,0.0
1790,0.0
1794,0.0
1796,0.0
1798,0.0
1799,0.0
1800,0.0
1811,0.0
1820,0.0
1822,0.0
1838,0.0
1843,0.0
1850,0.0
1856,0.0
1857,0.0
1860,0.0
1864,0.0
1866,0.0
1875,0.0
1876,0.0
1881,0.0
1885,0.0
1898,0.0
1904,0.0
1905,0.0
1906,0.0
1910,0.0
1911,0.0
1925,0.0
1929,0.0
1934,0.0
1935,0.0
1937,0.0
1940,0.0
1941,0.0
1942,0.0
1944,0.0
1946,0.0
1950,0.0
1954,0.0
1955,0.0
1961,0.0
1973,0.0
1985,0.0
1987,0.0
1996,0.0
2000,0.0
2005,0.0
2008,0.0
2009,0.0
2011,0.0
2013,0.0
2014,0.0
2018,0.0
2019,0.0
2025,0.0
2032,0.0
2034,0.0
2039,0.0
2047,0.0
2051,0.0
2053,0.0
2063,0.0
2065,0.0
2067,0.0
2068,0.0
2069,0.0
2071,0.0
2072,0.0
2080,0.0
2082,0.0
2083,0.0
2084,0.0
2085,0.0
2089,0.0
2093,0.0
2097,0.0
2101,0.0
2115,0.0
2118,0.0
2121,0.0
2125,0.0
2128,0.0
2129,0.0
2135,0.0
2139,0.0
2142,0.0
2158,0.0
2159,0.0
2165,0.0
2166,0.0
2167,0.0
2174,0.0
2177,0.0
2185,0.0
2189,0.0
2191,0.0
2196,0.0
2206,0.0
2209,0.0
2211,0.0
2215,0.0
2216,0.0
2217,0.0
2218,0.0
2221,0.0
2227,0.0
2237,0.0
2238,0.0
2241,0.0
2244,0.0
2245,0.0
2246,0.0
2250,0.0
2254,0.0
2255,0.0
2274,0.0
2280,0.0
2282,0.0
2286,0.0
2289,0.0
2303,0.0
2306,0.0
2310,0.0
2313,0.0
2319,0.0
2321,0.0
2322,0.0
2332,0.0
2336,0.0
2338,0.0
2342,0.0
2353,0.0
2354,0.0
2364,0.0
2365,0.0
2367,0.0
2369,0.0
2372,0.0
2374,0.0
2375,0.0
2377,0.0
2380,0.0
2388,0.0
2389,0.0
2390,0.0
2391,0.0
2394,0.0
2402,0.0
2408,0.0
2409,0.0
2413,0.0
2414,0.0
2420,0.0
2427,0.0
2432,0.0
2437,0.0
2438,0.0
2439,0.0
2442,0.0
2443,0.0
2447,0.0
2448,0.0
2449,0.0
2450,0.0
2451,0.0
2452,0.0
2453,0.0
2455,0.0
2461,0.0
2466,0.0
2467,0.0
2471,0.0
2484,0.0
2485,0.0
2489,0.0
2491,0.0
2492,0.0
2504,0.0
2511,0.0
2512,0.0
2513,0.0
2520,0.0
2526,0.0
2536,0.0
2543,0.0
2545,0.0
2549,0.0
2551,0.0
2553,0.0
2554,0.0
2556,0.0
2568,0.0
2571,0.0
2573,0.0
2574,0.0
2575,0.0
2579,0.0
2580,0.0
2581,0.0
2585,0.0
2590,0.0
2594,0.0
2596,0.0
2600,0.0
2601,0.0
2613,0.0
2614,0.0
2618,0.0
2625,0.0
2640,0.0
2641,0.0
2644,0.0
2648,0.0
2655,0.0
2657,0.0
2659,0.0
2662,0.0
2668,0.0
2669,0.0
2674,0.0
2676,0.0
2677,0.0
2678,0.0
2681,0.0
2682,0.0
2686,0.0
2688,0.0
2690,0.0
2691,0.0
2692,0.0
2694,0.0
2699,0.0
2702,0.0
2705,0.0
2710,0.0
2714,0.0
2717,0.0
2719,1.0
2720,0.0
2740,0.0
2742,0.0
2747,0.0
2748,0.0
2751,0.0
2755,0.0
2756,0.0
2762,0.0
2765,0.0
2774,0.0
2775,0.0
2779,0.0
2780,0.0
2784,0.0
2787,0.0
2792,0.0
2793,0.0
2795,0.0
2805,0.0
2807,1.0
2809,0.0
2815,0.0
2816,0.0
2820,0.0
2821,0.0
2822,0.0
2825,0.0
2827,0.0
2830,0.0
2837,0.0
2839,0.0
2845,0.0
2846,0.0
2848,0.0
2854,0.0
2865,0.0
2867,0.0
2874,0.0
2875,0.0
2880,0.0
2881,0.0
2882,0.0
2888,0.0
2890,0.0
2899,0.0
2900,0.0
2907,0.0
2914,0.0
2925,0.0
2926,0.0
2927,0.0
2948,0.0
2956,0.0
2960,0.0
2964,0.0
2979,0.0
2983,0.0
2998,0.0
3000,0.0
3002,0.0
3009,0.0
3022,0.0
3035,0.0
3043,0.0
3044,0.0
3046,0.0
3048,0.0
3055,0.0
3065,0.0
3075,0.0
3079,0.0
3089,0.0
3098,0.0
3101,0.0
3103,0.0
3104,0.0
3109,0.0
3110,0.0
3113,0.0
3126,0.0
3127,0.0
3129,0.0
3139,0.0
3141,0.0
3143,0.0
3146,0.0
3152,0.0
3153,0.0
3156,0.0
3159,0.0
3160,0.0
3166,0.0
3169,0.0
3170,0.0
3173,0.0
3175,0.0
3179,0.0
3183,0.0
3185,0.0
3197,0.0
3204,0.0
3206,0.0
3210,0.0
3215,0.0
3216,0.0
3219,0.0
3224,0.0
3229,0.0
3230,0.0
3231,0.0
3232,0.0
3233,0.0
3234,0.0
3236,0.0
3237,0.0
3239,0.0
3243,0.0
3245,0.0
3258,0.0
3268,0.0
3273,0.0
3276,0.0
3279,0.0
3280,0.0
3282,0.0
3287,0.0
3288,0.0
3294,0.0
3301,0.0
3303,0.0
3308,0.0
3312,0.0
3313,0.0
3314,0.0
3319,0.0
3320,0.0
3332,0.0
3340,0.0
3347,0.0
3352,0.0
3357,0.0
3359,0.0
3363,0.0
3366,0.0
3371,0.0
3372,0.0
3373,0.0
3374,0.0
3380,0.0
3388,0.0
3390,0.0
3396,0.0
3400,0.0
3408,0.0
3413,0.0
3414,0.0
3415,0.0
3416,0.0
3419,0.0
3423,0.0
3425,0.0
3426,0.0
3427,0.0
3428,0.0
3434,0.0
3436,0.0
3437,0.0
3440,0.0
3444,0.0
3450,0.0
3452,0.0
3454,0.0
3458,0.0
3460,0.0
3465,0.0
3466,0.0
3471,0.0
3472,0.0
3474,0.0
3475,0.0
3477,0.0
3481,0.0
3483,0.0
3491,0.0
3495,0.0
3498,0.0
3503,0.0
3515,0.0
3517,0.0
3524,0.0
3525,0.0
3529,0.0
3531,0.0
3537,0.0
3542,0.0
3543,0.0
3548,0.0
3551,0.0
3553,0.0
3556,0.0
3561,0.0
3563,0.0
3568,0.0
3569,0.0
3570,0.0
3580,0.0
3583,0.0
3584,0.0
3588,0.0
3592,0.0
3599,0.0
3603,0.0
3605,0.0
3608,0.0
3609,0.0
3611,0.0
3613,0.0
3616,0.0
3622,0.0
3632,0.0
3639,0.0
3640,0.0
3641,0.0
3648,0.0
3654,0.0
3656,0.0
3657,0.0
3662,0.0
3668,0.0
3670,0.0
3681,0.0
3682,0.0
3692,0.0
3696,0.0
3702,0.0
3704,0.0
3706,0.0
3711,0.0
3712,0.0
3719,0.0
3724,0.0
3726,0.0
3736,0.0
3740,0.0
3741,0.0
3751,0.0
3755,0.0
3760,0.0
3761,0.0
3766,0.0
3768,0.0
3777,0.0
3778,0.0
3779,0.0
3781,0.0
3784,0.0
3789,0.0
3790,0.0
3791,0.0
3793,0.0
3794,0.0
3795,0.0
3803,0.0
3807,0.0
3808,1.0
3809,0.0
3812,0.0
3820,0.0
3824,0.0
3825,0.0
3829,0.0
3830,0.0
3831,0.0
3833,0.0
3840,0.0
3842,0.0
3843,0.0
3845,0.0
3855,0.0
3856,0.0
3862,0.0
3865,0.0
3870,0.0
3879,0.0
3883,0.0
3884,0.0
3898,0.0
3901,0.0
3907,0.0
3910,0.0
3914,0.0
3917,0.0
3921,0.0
3927,0.0
3931,0.0
3936,0.0
3941,0.0
3946,0.0
3947,0.0
3951,0.0
3954,0.0
3959,0.0
3963,0.0
3966,0.0
3968,0.0
3970,0.0
3972,0.0
3973,0.0
3980,0.0
3982,0.0
3983,0.0
3988,0.0
3989,0.0
3994,0.0
3997,0.0
4008,0.0
4010,0.0
4012,0.0
4015,0.0
4028,0.0
4031,0.0
4034,0.0
4035,0.0
4036,0.0
4038,0.0
4041,0.0
4042,0.0
4046,0.0
4047,0.0
4051,0.0
4053,0.0
4064,0.0
4066,0.0
4069,0.0
4070,0.0
4071,0.0
4082,0.0
4089,0.0
4091,0.0
4102,0.0
4105,0.0
4106,0.0
4107,0.0
4108,0.0
4109,0.0
4110,0.0
4116,0.0
4118,0.0
4123,0.0
4127,0.0
4128,0.0
4131,0.0
4133,0.0
4141,0.0
4144,0.0
4148,0.0
4149,0.0
4161,0.0
4176,0.0
4177,0.0
4179,0.0
4184,0.0
4190,0.0
4192,0.0
4193,0.0
4195,0.0
4198,0.0
4202,0.0
4204,0.0
4210,0.0
4213,0.0
4223,0.0
4224,0.0
4226,0.0
4232,0.0
4234,0.0
4235,0.0
4239,1.0
4242,0.0
4247,1.0
4253,0.0
4255,0.0
4259,0.0
4263,0.0
4265,0.0
4266,0.0
4268,0.0
4269,0.0
4271,0.0
4275,0.0
4279,0.0
4280,0.0
4285,0.0
4300,0.0
4303,0.0
4307,0.0
4310,0.0
4312,0.0
4315,0.0
4317,0.0
4319,0.0
4321,0.0
4324,0.0
4327,0.0
4331,0.0
4334,0.0
4340,0.0
4343,0.0
4350,0.0
4362,0.0
4369,0.0
4372,0.0
4375,0.0
4384,0.0
4389,0.0
4392,0.0
4398,0.0
4402,0.0
4407,0.0
4409,0.0
4413,0.0
4414,0.0
4418,0.0
4428,0.0
4433,0.0
4445,0.0
4447,0.0
4448,0.0
4450,0.0
4457,0.0
4458,0.0
4459,0.0
4463,0.0
4465,0.0
4466,0.0
4469,0.0
4470,0.0
4477,0.0
4480,0.0
4481,0.0
4482,0.0
4483,0.0
4487,0.0
4489,0.0
4492,0.0
4495,0.0
4497,0.0
4498,0.0
4501,0.0
4502,0.0
4505,0.0
4508,0.0
4512,0.0
4513,0.0
4516,0.0
4518,0.0
4526,0.0
4527,0.0
4528,0.0
4541,0.0
4547,0.0
4548,0.0
4550,0.0
4554,0.0
4557,0.0
4561,0.0
4569,0.0
4577,0.0
4592,0.0
4595,0.0
4596,0.0
4598,0.0
4607,0.0
4609,0.0
4613,0.0
4615,0.0
4617,0.0
4619,0.0
4621,0.0
4629,0.0
4635,0.0
4638,0.0
4641,0.0
4642,0.0
4643,0.0
4646,0.0
4647,0.0
4655,0.0
4657,0.0
4660,0.0
4664,0.0
4666,0.0
4667,0.0
4671,0.0
4673,0.0
4680,0.0
4681,0.0
4682,0.0
4684,1.0
4688,0.0
4692,0.0
4697,0.0
4709,0.0
4712,0.0
4720,0.0
4723,0.0
4734,0.0
4739,0.0
4744,0.0
4750,0.0
4754,0.0
4756,0.0
4757,0.0
4758,0.0
4759,0.0
4764,0.0
4766,0.0
4773,0.0
4776,0.0
4785,0.0
4786,0.0
4789,0.0
4796,0.0
4799,0.0
4803,0.0
4804,0.0
4807,0.0
4816,0.0
4819,0.0
4823,0.0
4826,0.0
4833,0.0
4837,0.0
4838,0.0
4843,0.0
4846,0.0
4859,0.0
4862,0.0
4866,0.0
4872,0.0
4875,0.0
4876,0.0
4878,0.0
4883,0.0
4889,1.0
4896,0.0
4902,0.0
4904,0.0
4906,0.0
4913,0.0
4919,0.0
4923,0.0
4925,0.0
4928,0.0
4934,0.0
4937,0.0
4941,0.0
4942,0.0
4947,0.0
4948,0.0
4949,0.0
4950,0.0
4956,0.0
4961,0.0
4962,0.0
4968,0.0
4970,0.0
4976,0.0
4981,0.0
4983,0.0
4985,0.0
4997,0.0
5005,0.0
5006,0.0
5007,0.0
5009,0.0
5012,0.0
5016,0.0
5022,0.0
5032,0.0
5036,0.0
5038,0.0
5042,0.0
5047,0.0
5050,0.0
5053,0.0
5055,0.0
5056,0.0
5061,0.0
5068,0.0
5074,0.0
5076,0.0
5077,0.0
5079,0.0
5080,0.0
5092,0.0
5097,0.0
5099,0.0
5100,0.0
5103,0.0
5105,0.0
5106,0.0
5107,0.0
5112,0.0
5123,0.0
5124,0.0
5131,0.0
5132,0.0
5133,0.0
5134,0.0
5140,0.0
5142,0.0
5146,0.0
5148,0.0
5153,0.0
5157,0.0
5159,0.0
5165,0.0
5166,0.0
5169,0.0
5179,0.0
5182,0.0
5196,0.0
5201,0.0
5204,1.0
5205,0.0
5211,0.0
5212,0.0
5214,0.0
5216,0.0
5217,0.0
5218,0.0
5227,0.0
5233,0.0
5246,0.0
5247,0.0
5257,0.0
5258,0.0
5260,0.0
5265,0.0
5266,0.0
5270,0.0
5271,0.0
5273,0.0
5274,0.0
5277,0.0
5278,0.0
5279,0.0
5280,0.0
5282,0.0
5294,0.0
5299,0.0
5306,0.0
5311,0.0
5313,0.0
5314,0.0
5317,0.0
5321,0.0
5322,0.0
5327,0.0
5328,0.0
5330,0.0
5333,0.0
5345,0.0
5348,0.0
5355,0.0
5362,0.0
5363,0.0
5364,0.0
5367,0.0
5370,0.0
5372,0.0
5373,0.0
5381,0.0
5385,0.0
5386,0.0
5388,0.0
5389,0.0
5403,0.0
5415,0.0
5418,0.0
5422,0.0
5429,0.0
5431,0.0
5432,0.0
5436,0.0
5437,0.0
5444,0.0
5447,0.0
5449,0.0
5450,0.0
5451,0.0
5453,0.0
5454,0.0
5456,0.0
5457,0.0
5459,0.0
5461,0.0
5462,0.0
5463,0.0
5464,0.0
5467,0.0
5473,0.0
5477,0.0
5478,0.0
5480,0.0
5482,0.0
5487,0.0
5495,0.0
5504,0.0
5511,0.0
5513,0.0
5536,0.0
5538,0.0
5541,0.0
5543,0.0
5550,0.0
5555,0.0
5557,0.0
5561,0.0
5564,0.0
5566,0.0
5567,0.0
5570,0.0
5571,0.0
5572,0.0
5580,0.0
5582,0.0
5585,0.0
5588,0.0
5590,0.0
5592,0.0
5594,0.0
5595,0.0
5602,0.0
5603,0.0
5605,0.0
5606,0.0
5607,0.0
5610,0.0
5612,0.0
5614,0.0
5615,0.0
5618,0.0
5622,0.0
5624,0.0
5625,0.0
5629,0.0
5631,0.0
5636,0.0
5639,0.0
5641,0.0
5642,0.0
5644,0.0
5646,0.0
5647,0.0
5648,0.0
5656,0.0
5659,0.0
5662,0.0
5667,0.0
5673,0.0
5677,0.0
5683,0.0
5684,0.0
5690,0.0
5692,0.0
5694,0.0
5707,0.0
5716,0.0
5720,0.0
5723,0.0
5724,0.0
5728,0.0
5730,0.0
5732,0.0
5733,0.0
5734,0.0
5736,0.0
5742,0.0
5749,0.0
5750,0.0
5751,0.0
5752,0.0
5757,0.0
5759,0.0
5762,0.0
5767,0.0
5773,0.0
5777,0.0
5781,0.0
5782,0.0
5797,0.0
5801,0.0
5802,0.0
5805,0.0
5809,0.0
5816,0.0
5818,0.0
5821,0.0
5827,0.0
5839,0.0
5841,0.0
5846,0.0
5849,0.0
5850,0.0
5861,0.0
5868,0.0
5875,0.0
5878,0.0
5879,0.0
5882,0.0
5884,0.0
5886,0.0
5890,0.0
5894,0.0
5912,0.0
5913,0.0
5916,0.0
5923,0.0
5931,0.0
5938,0.0
5940,0.0
5941,0.0
5943,0.0
5953,0.0
5955,0.0
5958,0.0
5960,0.0
5978,0.0
5981,0.0
5983,0.0
5988,0.0
5989,0.0
5991,0.0
5994,0.0
5995,0.0
5996,0.0
6000,0.0
6001,0.0
6004,0.0
6008,0.0
6015,0.0
6016,0.0
6017,0.0
6021,0.0
6023,0.0
6024,0.0
6026,0.0
6028,0.0
6031,0.0
6032,0.0
6033,0.0
6034,0.0
6040,0.0
6041,0.0
6044,0.0
6047,0.0
6052,0.0
6054,0.0
6068,0.0
6069,0.0
6074,0.0
6076,0.0
6079,0.0
6080,0.0
6084,0.0
6085,0.0
6087,0.0
6091,0.0
6095,0.0
6096,0.0
6097,0.0
6101,0.0
6110,0.0
6111,0.0
6113,0.0
6124,0.0
6131,0.0
6132,0.0
6133,0.0
6143,0.0
6146,0.0
6151,0.0
6154,0.0
6156,0.0
6157,0.0
6168,0.0
6171,0.0
6175,0.0
6176,0.0
6178,0.0
6185,0.0
6186,0.0
6188,0.0
6195,0.0
6199,0.0
6201,0.0
6204,0.0
6213,0.0
6214,0.0
6218,0.0
6223,0.0
6226,0.0
6234,0.0
6235,0.0
6237,0.0
6248,0.0
6253,0.0
6258,0.0
6259,0.0
6263,0.0
6264,0.0
6266,0.0
6272,0.0
6274,0.0
6275,0.0
6278,0.0
6280,0.0
6287,0.0
6289,0.0
6301,0.0
6307,0.0
6308,0.0
6309,0.0
6312,0.0
6314,0.0
6318,0.0
6320,0.0
6323,0.0
6324,0.0
6325,0.0
6327,0.0
6328,0.0
6330,0.0
6331,0.0
6332,0.0
6337,0.0
6338,0.0
6345,0.0
6350,0.0
6352,0.0
6356,0.0
6357,0.0
6367,0.0
6368,0.0
6378,0.0
6379,0.0
6380,0.0
6386,0.0
6392,0.0
6394,0.0
6398,0.0
6399,0.0
6400,0.0
6403,0.0
6407,0.0
6411,0.0
6416,0.0
6417,0.0
6420,0.0
6427,0.0
6428,0.0
6432,0.0
6433,0.0
6434,0.0
6435,0.0
6439,0.0
6441,0.0
6442,0.0
6444,0.0
6446,0.0
6451,0.0
6453,0.0
6454,0.0
6455,0.0
6457,0.0
6458,0.0
6460,0.0
6465,0.0
6467,0.0
6471,0.0
6480,0.0
6486,0.0
6491,0.0
6500,0.0
6510,0.0
6520,0.0
6525,0.0
6529,0.0
6533,0.0
6534,0.0
6537,0.0
6544,0.0
6549,0.0
6555,0.0
6556,0.0
6558,0.0
6559,0.0
6564,0.0
6566,0.0
6575,0.0
6579,0.0
6580,0.0
6581,0.0
6583,0.0
6587,0.0
6588,0.0
6592,0.0
6597,0.0
6600,0.0
6603,0.0
6605,0.0
6609,0.0
6611,0.0
6612,0.0
6614,0.0
6615,0.0
6616,0.0
6618,0.0
6624,0.0
6627,0.0
6629,0.0
6630,0.0
6633,0.0
6637,0.0
6639,0.0
6640,0.0
6642,0.0
6643,0.0
6644,0.0
6646,0.0
6652,0.0
6658,0.0
6663,0.0
6671,0.0
6673,0.0
6676,0.0
6679,0.0
6682,0.0
6685,0.0
6688,0.0
6690,0.0
6699,0.0
6700,0.0
6706,0.0
6707,0.0
6719,0.0
6721,0.0
6722,0.0
6725,0.0
6726,0.0
6734,0.0
6736,0.0
6739,0.0
6746,0.0
6748,0.0
6752,0.0
6762,0.0
6766,0.0
6768,0.0
6793,0.0
6794,0.0
6797,0.0
6808,0.0
6809,0.0
6813,0.0
6815,0.0
6818,0.0
6819,0.0
6826,0.0
6828,0.0
6831,0.0
6832,0.0
6835,0.0
6839,0.0
6845,0.0
6850,0.0
6854,0.0
6855,0.0
6858,0.0
6861,0.0
6863,0.0
6867,0.0
6874,0.0
6877,0.0
6886,0.0
6888,0.0
6891,0.0
6892,0.0
6894,0.0
6897,0.0
6901,0.0
6902,0.0
6908,0.0
6909,0.0
6923,0.0
6928,0.0
6929,0.0
6932,0.0
6937,0.0
6938,0.0
6947,0.0
6955,0.0
6956,0.0
6964,0.0
6966,0.0
6974,0.0
6977,0.0
6982,0.0
6983,0.0
6984,0.0
6991,0.0
6998,0.0
7001,0.0
7002,0.0
7007,0.0
7008,0.0
7010,0.0
7015,0.0
7017,0.0
7018,0.0
7021,0.0
7022,0.0
7024,0.0
7025,0.0
7028,0.0
7031,0.0
7036,0.0
7046,0.0
7049,0.0
7053,0.0
7057,0.0
7059,0.0
7070,0.0
7079,0.0
7083,0.0
7084,0.0
7085,0.0
7089,0.0
7094,0.0
7095,0.0
7097,0.0
7098,0.0
7103,0.0
7105,0.0
7106,0.0
7114,0.0
7119,0.0
7123,0.0
7126,0.0
7127,0.0
7134,0.0
7138,0.0
7148,0.0
7149,0.0
7151,0.0
7153,0.0
7154,0.0
7157,0.0
7158,0.0
7159,0.0
7163,0.0
7165,0.0
7166,0.0
7169,0.0
7174,0.0
7177,0.0
7180,0.0
7183,0.0
7187,0.0
7194,0.0
7195,0.0
7203,0.0
7206,0.0
7220,0.0
7222,0.0
7223,0.0
7226,0.0
7228,0.0
7229,0.0
7233,0.0
7238,0.0
7252,0.0
7253,0.0
7255,0.0
7256,0.0
7258,0.0
7259,0.0
7262,0.0
7264,0.0
7266,0.0
7267,0.0
7268,0.0
7271,0.0
7276,0.0
7281,0.0
7282,0.0
7283,0.0
7286,0.0
7287,0.0
7288,0.0
7290,0.0
7293,0.0
7294,0.0
7295,0.0
7298,0.0
7305,0.0
7309,0.0
7311,0.0
7316,0.0
7327,0.0
7328,0.0
7342,0.0
7348,0.0
7351,0.0
7360,0.0
7364,0.0
7374,0.0
7380,0.0
7384,0.0
7385,0.0
7388,0.0
7391,0.0
7394,0.0
7413,0.0
7418,0.0
7419,0.0
7422,0.0
7431,0.0
7433,0.0
7434,0.0
7447,0.0
7455,0.0
7457,0.0
7458,0.0
7459,0.0
7460,0.0
7465,0.0
7472,0.0
7473,0.0
7476,0.0
7483,0.0
7486,0.0
7487,0.0
7489,0.0
7490,0.0
7495,0.0
7496,0.0
7507,0.0
7510,0.0
7514,0.0
7520,0.0
7521,0.0
7524,0.0
7528,0.0
7530,0.0
7541,0.0
7543,0.0
7546,0.0
7547,0.0
7548,0.0
7550,0.0
7552,0.0
7553,0.0
7561,0.0
7566,0.0
7569,0.0
7572,0.0
7580,0.0
7587,0.0
7589,0.0
7590,0.0
7591,0.0
7592,0.0
7596,0.0
7600,0.0
7602,0.0
7603,0.0
7614,0.0
7617,0.0
7620,0.0
7621,0.0
7622,0.0
7623,0.0
7629,0.0
7640,0.0
7641,0.0
7642,0.0
7643,0.0
7644,0.0
7656,0.0
7661,0.0
7670,0.0
7671,0.0
7676,0.0
7677,0.0
7679,0.0
7684,0.0
7687,0.0
7688,0.0
7690,0.0
7691,0.0
7696,0.0
7699,0.0
7705,0.0
7712,0.0
7714,0.0
7717,0.0
7718,0.0
7720,0.0
7726,0.0
7728,0.0
7730,0.0
7731,0.0
7732,0.0
7733,0.0
7735,0.0
7737,0.0
7744,0.0
7745,0.0
7752,0.0
7758,0.0
7762,0.0
7769,0.0
7771,0.0
7777,0.0
7780,0.0
7790,0.0
7797,0.0
7799,0.0
7800,0.0
7804,0.0
7805,0.0
7810,0.0
7811,0.0
7814,0.0
7820,0.0
7824,0.0
7828,0.0
7830,0.0
7831,0.0
7845,0.0
7849,0.0
7852,0.0
7857,0.0
7859,0.0
7861,0.0
7862,0.0
7864,0.0
7866,0.0
7869,0.0
7871,0.0
7879,0.0
7881,0.0
7882,0.0
7887,0.0
7888,0.0
7889,0.0
7890,0.0
7891,0.0
7894,0.0
7895,0.0
7896,0.0
7902,0.0
7903,0.0
7905,0.0
7909,0.0
7914,0.0
7920,0.0
7922,0.0
7929,0.0
7932,0.0
7939,0.0
7942,0.0
7945,0.0
7946,0.0
7952,0.0
7954,0.0
7959,0.0
7960,0.0
7966,0.0
7969,0.0
7973,0.0
7981,0.0
7987,0.0
7989,0.0
7991,0.0
7992,0.0
7999,0.0
8002,0.0
8003,0.0
8005,0.0
8009,0.0
8010,0.0
8014,0.0
8019,0.0
8020,0.0
8024,0.0
8027,0.0
8028,0.0
8031,0.0
8034,0.0
8036,0.0
8039,0.0
8041,0.0
8046,0.0
8051,0.0
8054,0.0
8057,0.0
8069,0.0
8078,0.0
8080,0.0
8082,0.0
8085,0.0
8086,0.0
8089,0.0
8090,0.0
8093,0.0
8094,0.0
8098,0.0
8114,0.0
8120,0.0
8124,0.0
8125,0.0
8133,0.0
8134,0.0
8135,0.0
8138,0.0
8141,0.0
8144,0.0
8149,0.0
8151,0.0
8156,0.0
8159,0.0
8166,0.0
8169,0.0
8170,0.0
8171,0.0
8172,0.0
8174,0.0
8175,0.0
8178,0.0
8179,0.0
8180,0.0
8192,0.0
8193,0.0
8195,0.0
8197,0.0
8198,0.0
8199,0.0
8200,0.0
8204,0.0
8212,0.0
8216,0.0
8217,0.0
8220,0.0
8221,0.0
8226,0.0
8234,0.0
8235,0.0
8238,0.0
8246,0.0
8247,0.0
8249,0.0
8251,0.0
8252,0.0
8257,0.0
8259,0.0
8260,0.0
8271,0.0
8275,0.0
8278,0.0
8282,0.0
8287,0.0
8289,0.0
8295,0.0
8297,0.0
8299,1.0
8300,0.0
8301,0.0
8306,0.0
8308,0.0
8309,0.0
8312,0.0
8314,0.0
8317,0.0
8320,0.0
8326,1.0
8329,0.0
8334,0.0
8337,0.0
8339,0.0
8341,0.0
8342,0.0
8347,0.0
8351,0.0
8364,0.0
8366,0.0
8372,0.0
8375,0.0
8380,0.0
8382,0.0
8383,0.0
8384,0.0
8387,0.0
8390,0.0
8392,0.0
8394,0.0
8395,0.0
8396,0.0
8397,0.0
8398,0.0
8401,0.0
8405,0.0
8406,0.0
8408,0.0
8413,0.0
8415,0.0
8420,0.0
8421,0.0
8426,0.0
8429,0.0
8437,0.0
8442,0.0
8448,0.0
8449,0.0
8454,0.0
8457,0.0
8459,0.0
8466,0.0
8475,0.0
8476,0.0
8478,0.0
8480,0.0
8483,0.0
8484,0.0
8485,0.0
8490,0.0
8491,0.0
8493,0.0
8494,0.0
8501,0.0
8502,0.0
8504,0.0
8505,0.0
8506,0.0
8513,0.0
8515,0.0
8517,0.0
8521,0.0
8523,0.0
8530,0.0
8532,0.0
8535,0.0
8536,0.0
8540,0.0
8543,0.0
8547,0.0
8550,0.0
8556,0.0
8561,0.0
8567,0.0
8570,0.0
8580,1.0
8588,0.0
8593,0.0
8595,0.0
8601,0.0
8607,0.0
8609,0.0
8613,0.0
8616,0.0
8620,0.0
8625,0.0
8634,0.0
8641,0.0
8650,0.0
8661,0.0
8664,0.0
8666,0.0
8669,0.0
8673,0.0
8678,0.0
8680,0.0
8683,0.0
8684,0.0
8696,0.0
8697,0.0
8698,0.0
8705,0.0
8707,0.0
8710,0.0
8716,0.0
8717,0.0
8719,0.0
8726,0.0
8731,0.0
8732,0.0
8741,0.0
8743,0.0
8746,0.0
8747,0.0
8748,0.0
8752,0.0
8756,0.0
8757,0.0
8764,0.0
8766,0.0
8768,0.0
8771,0.0
8774,0.0
8775,0.0
8778,0.0
8782,0.0
8789,0.0
8796,0.0
8797,0.0
8801,0.0
8804,0.0
8805,0.0
8807,0.0
8808,0.0
8819,0.0
8824,0.0
8826,0.0
8827,0.0
8829,0.0
8831,0.0
8841,0.0
8844,0.0
8845,0.0
8847,0.0
8853,0.0
8856,0.0
8857,0.0
8859,0.0
8860,0.0
8862,0.0
8866,0.0
8869,0.0
8871,0.0
8873,0.0
8874,0.0
8884,0.0
8885,0.0
8890,0.0
8894,0.0
8895,0.0
8899,0.0
8900,0.0
8901,0.0
8904,0.0
8905,0.0
8909,0.0
8916,0.0
8929,0.0
8932,0.0
8942,0.0
8944,0.0
8947,0.0
8948,0.0
8952,0.0
8957,0.0
8967,0.0
8976,0.0
8981,0.0
8991,0.0
8999,0.0
9002,0.0
9003,0.0
9004,0.0
9006,0.0
9007,0.0
9010,0.0
9012,0.0
9013,0.0
9015,0.0
9024,0.0
9028,0.0
9029,0.0
9034,0.0
9043,0.0
9044,0.0
9048,0.0
9049,0.0
9053,0.0
9054,0.0
9059,0.0
9060,0.0
9064,0.0
9065,0.0
9068,0.0
9070,0.0
9073,0.0
9078,0.0
9079,0.0
9080,0.0
9084,0.0
9086,0.0
9094,0.0
9095,0.0
9096,0.0
9105,0.0
9108,0.0
9109,0.0
9110,0.0
9112,0.0
9115,0.0
9117,0.0
9119,0.0
9120,0.0
9123,0.0
9127,0.0
9129,0.0
9134,0.0
9135,0.0
9137,0.0
9140,0.0
9146,0.0
9147,0.0
9150,0.0
9152,0.0
9153,0.0
9157,0.0
9161,0.0
9167,0.0
9168,0.0
9169,0.0
9178,0.0
9179,0.0
9187,0.0
9188,0.0
9191,0.0
9198,0.0
9200,0.0
9203,0.0
9208,0.0
9216,0.0
9218,0.0
9221,0.0
9226,0.0
9227,0.0
9228,0.0
9229,0.0
9234,0.0
9242,0.0
9246,0.0
9264,0.0
9265,0.0
9269,0.0
9275,0.0
9276,0.0
9279,0.0
9291,0.0
9293,0.0
9295,0.0
9300,0.0
9305,0.0
9309,0.0
9310,0.0
9317,0.0
9319,0.0
9321,0.0
9335,0.0
9341,0.0
9345,0.0
9346,0.0
9349,0.0
9359,0.0
9367,0.0
9373,0.0
9374,0.0
9378,0.0
9383,0.0
9395,0.0
9399,0.0
9404,0.0
9407,0.0
9408,0.0
9414,0.0
9419,0.0
9420,0.0
9422,0.0
9424,0.0
9427,0.0
9430,0.0
9432,0.0
9434,0.0
9435,0.0
9436,0.0
9437,0.0
9440,0.0
9442,0.0
9443,0.0
9445,0.0
9453,0.0
9457,0.0
9470,0.0
9475,0.0
9480,0.0
9482,0.0
9484,0.0
9489,0.0
9494,0.0
9497,0.0
9502,0.0
9503,0.0
9506,0.0
9507,0.0
9509,0.0
9512,0.0
9514,0.0
9517,0.0
9519,0.0
9521,0.0
9523,0.0
9526,0.0
9529,0.0
9531,0.0
9540,0.0
9541,0.0
9547,0.0
9550,0.0
9553,0.0
9561,0.0
9562,0.0
9565,0.0
9566,0.0
9569,0.0
9572,0.0
9580,0.0
9592,0.0
9595,0.0
9599,0.0
9600,0.0
9613,0.0
9615,0.0
9617,0.0
9620,0.0
9622,0.0
9628,0.0
9634,0.0
9635,0.0
9637,0.0
9642,0.0
9643,0.0
9649,0.0
9653,0.0
9654,0.0
9656,0.0
9659,0.0
9665,0.0
9667,0.0
9669,0.0
9674,0.0
9675,0.0
9677,0.0
9679,0.0
9680,0.0
9682,0.0
9685,0.0
9689,0.0
9690,0.0
9692,0.0
9700,0.0
9704,0.0
9706,0.0
9709,0.0
9715,0.0
9718,0.0
9719,0.0
9728,0.0
9734,0.0
9736,0.0
9737,0.0
9739,0.0
9749,0.0
9758,0.0
9760,0.0
9765,0.0
9766,0.0
9768,0.0
9774,0.0
9777,0.0
9779,0.0
9780,0.0
9782,0.0
9783,0.0
9784,0.0
9787,0.0
9788,0.0
9789,0.0
9798,0.0
9807,0.0
9808,0.0
9813,0.0
9815,0.0
9825,0.0
9826,0.0
9829,0.0
9831,0.0
9833,0.0
9840,0.0
9843,0.0
9848,0.0
9851,0.0
9853,0.0
9856,0.0
9861,0.0
9864,0.0
9865,0.0
9873,0.0
9877,0.0
9881,0.0
9883,0.0
9889,0.0
9893,0.0
9903,0.0
9913,0.0
9916,0.0
9919,0.0
9920,0.0
9929,0.0
9933,0.0
9936,0.0
9957,0.0
9961,0.0
9968,0.0
9969,0.0
9971,0.0
9975,0.0
9976,0.0
9980,0.0
9983,0.0
9984,0.0
9986,0.0
9993,0.0
9996,0.0
9997,0.0
9999,0.0
10003,0.0
10005,0.0
10008,0.0
10013,0.0
10016,0.0
10029,0.0
10030,0.0
10032,0.0
10038,0.0
10039,0.0
10041,0.0
10043,0.0
10047,0.0
10050,0.0
10053,0.0
10054,0.0
10055,0.0
10058,0.0
10061,0.0
10066,0.0
10068,0.0
10070,0.0
10074,0.0
10078,0.0
10079,0.0
10084,0.0
10086,0.0
10087,0.0
10089,0.0
10095,0.0
10097,0.0
10098,0.0
10100,0.0
10104,0.0
10105,0.0
10114,1.0
10124,0.0
10137,0.0
10147,0.0
10151,0.0
10157,0.0
10158,0.0
10159,0.0
10164,0.0
10166,0.0
10168,0.0
10173,0.0
10174,0.0
10177,0.0
10178,0.0
10179,0.0
10191,0.0
10193,0.0
10197,0.0
10204,0.0
10208,0.0
10209,0.0
10213,0.0
10218,0.0
10222,0.0
10225,0.0
10227,0.0
10229,0.0
10230,0.0
10241,0.0
10242,0.0
10247,0.0
10250,0.0
10254,0.0
10260,0.0
10267,0.0
10268,0.0
10269,0.0
10270,0.0
10278,0.0
10279,0.0
10280,0.0
10281,0.0
10291,0.0
10293,0.0
10299,0.0
10306,0.0
10307,0.0
10311,0.0
10319,0.0
10320,0.0
10324,0.0
10325,0.0
10327,0.0
10329,0.0
10330,0.0
10335,0.0
10340,0.0
10347,1.0
10348,0.0
10349,0.0
10351,0.0
10367,0.0
10368,0.0
10370,0.0
10372,0.0
10375,0.0
10379,0.0
10383,0.0
10394,0.0
10405,0.0
10408,0.0
10409,0.0
10417,0.0
10420,0.0
10421,0.0
10426,0.0
10429,0.0
10446,0.0
10447,0.0
10448,0.0
10449,0.0
10452,0.0
10464,0.0
10474,0.0
10476,0.0
10480,0.0
10481,0.0
10482,0.0
10485,0.0
10492,0.0
10493,0.0
10494,0.0
10500,0.0
10508,0.0
10512,0.0
10513,0.0
10520,0.0
10524,0.0
10528,0.0
10529,0.0
10531,0.0
10532,0.0
10535,0.0
10536,0.0
10543,0.0
10547,0.0
10550,0.0
10554,0.0
10558,0.0
10565,0.0
10573,0.0
10577,0.0
10579,0.0
10582,0.0
10585,0.0
10588,0.0
10605,0.0
10607,0.0
10609,0.0
10610,0.0
10611,0.0
10614,0.0
10615,0.0
10619,0.0
10630,0.0
10631,0.0
10632,0.0
10633,0.0
10644,0.0
10648,0.0
10654,0.0
10660,0.0
10664,0.0
10666,0.0
10670,0.0
10674,0.0
10676,0.0
10678,0.0
10683,0.0
10685,0.0
10690,0.0
10695,0.0
10696,0.0
10706,0.0
10707,0.0
10710,0.0
10711,0.0
10712,0.0
10714,0.0
10715,0.0
10716,0.0
10724,0.0
10726,0.0
10727,0.0
10744,0.0
10745,0.0
10748,0.0
10752,0.0
10753,0.0
10754,0.0
10756,0.0
10757,0.0
10759,0.0
10761,0.0
10766,0.0
10769,0.0
10772,0.0
10779,0.0
10781,0.0
10784,0.0
10786,0.0
10802,0.0
10804,0.0
10806,0.0
10815,0.0
10819,0.0
10822,0.0
10823,0.0
10825,0.0
10826,0.0
10845,0.0
10851,0.0
10860,0.0
10866,0.0
10869,0.0
10875,0.0
10879,0.0
10882,0.0
10884,0.0
10886,0.0
10887,0.0
10888,0.0
10896,0.0
10900,0.0
10903,0.0
10904,0.0
10908,0.0
10911,0.0
10912,0.0
10917,0.0
10923,0.0
10925,0.0
10928,0.0
10930,0.0
10932,0.0
10933,0.0
10943,0.0
10945,0.0
10950,0.0
10959,0.0
10963,0.0
10964,0.0
10971,0.0
10972,0.0
10977,0.0
10983,0.0
10985,0.0
10987,0.0
10994,0.0
10995,0.0
10996,0.0
10997,0.0
11002,0.0
11004,0.0
11005,0.0
11008,0.0
11012,0.0
11014,0.0
11020,0.0
11027,0.0
11029,0.0
11032,0.0
11033,0.0
11041,0.0
11048,0.0
11049,0.0
11051,0.0
11054,0.0
11057,0.0
11061,0.0
11062,0.0
11064,0.0
11066,0.0
11068,0.0
11073,0.0
11075,0.0
11088,0.0
11100,0.0
11102,0.0
11104,0.0
11109,0.0
11112,0.0
11113,0.0
11114,0.0
11118,0.0
11120,0.0
11133,0.0
11137,0.0
11141,0.0
11146,0.0
11151,0.0
11154,0.0
11161,0.0
11167,0.0
11170,0.0
11173,0.0
11176,0.0
11178,0.0
11180,0.0
11183,0.0
11189,0.0
11192,0.0
11198,1.0
11200,0.0
11203,0.0
11209,0.0
11211,0.0
11217,0.0
11224,0.0
11228,0.0
11231,0.0
11236,0.0
11237,0.0
11243,0.0
11244,0.0
11247,0.0
11260,0.0
11269,0.0
11271,0.0
11272,0.0
11274,0.0
11275,0.0
11278,0.0
11279,0.0
11280,0.0
11284,0.0
11286,0.0
11289,0.0
11291,0.0
11293,0.0
11298,0.0
11309,0.0
11310,0.0
11311,0.0
11312,0.0
11314,0.0
11320,0.0
11322,0.0
11337,0.0
11346,0.0
11352,0.0
11355,0.0
11359,0.0
11361,0.0
11362,0.0
11364,0.0
11365,0.0
11371,0.0
11373,0.0
11381,0.0
11383,0.0
11398,0.0
11399,0.0
11401,0.0
11407,0.0
11408,0.0
11413,0.0
11416,0.0
11421,0.0
11424,0.0
11426,0.0
11432,0.0
11434,0.0
11435,0.0
11436,0.0
11442,0.0
11446,0.0
11452,0.0
11456,0.0
11475,0.0
11492,0.0
11495,0.0
11506,0.0
11508,0.0
11512,0.0
11514,0.0
11522,0.0
11525,0.0
11527,0.0
11531,0.0
11532,0.0
11533,0.0
11535,0.0
11538,0.0
11542,0.0
11550,0.0
11553,0.0
11558,0.0
11562,0.0
11573,0.0
11576,0.0
11581,0.0
11584,0.0
11586,0.0
11590,0.0
11593,0.0
11604,0.0
11607,0.0
11610,0.0
11613,0.0
11614,0.0
11619,0.0
11630,0.0
11633,0.0
11640,0.0
11642,0.0
11644,0.0
11657,0.0
11660,0.0
11662,0.0
11663,0.0
11668,0.0
11681,0.0
11682,0.0
11685,0.0
11692,0.0
11696,0.0
11698,0.0
11699,0.0
11700,0.0
11705,0.0
11712,0.0
11714,0.0
11716,0.0
11719,0.0
11720,0.0
11725,0.0
11727,0.0
11728,0.0
11734,0.0
11735,0.0
11740,0.0
11741,0.0
11745,0.0
11748,0.0
11749,0.0
11753,0.0
11756,0.0
11758,0.0
11759,0.0
11770,0.0
11771,0.0
11775,0.0
11777,0.0
11780,0.0
11781,0.0
11784,0.0
11787,0.0
11793,0.0
11804,0.0
11810,0.0
11814,0.0
11821,0.0
11822,0.0
11824,0.0
11825,0.0
11826,0.0
11829,0.0
11830,0.0
11831,0.0
11834,0.0
11842,0.0
11849,0.0
11851,0.0
11852,0.0
11853,0.0
11858,0.0
11860,0.0
11864,0.0
11866,0.0
11869,0.0
11871,0.0
11882,0.0
11889,0.0
11891,0.0
11895,0.0
11896,0.0
11899,0.0
11900,0.0
11906,0.0
11908,0.0
11914,0.0
11917,0.0
11918,0.0
11926,0.0
11927,0.0
11933,0.0
11948,0.0
11951,0.0
11959,0.0
11963,0.0
11970,0.0
11973,0.0
11977,0.0
11981,0.0
11989,0.0
11990,0.0
11991,0.0
11994,0.0
11996,0.0
11999,0.0
12003,0.0
12008,0.0
12010,0.0
12012,0.0
12013,0.0
12018,0.0
12019,0.0
12020,0.0
12027,0.0
12028,0.0
12034,0.0
12036,0.0
12037,0.0
12038,0.0
12048,0.0
12054,0.0
12056,0.0
12058,0.0
12059,0.0
12062,0.0
12064,0.0
12070,0.0
12077,0.0
12080,0.0
12081,0.0
12090,0.0
12095,0.0
12096,0.0
12097,0.0
12098,0.0
12099,0.0
12109,0.0
12110,0.0
12116,0.0
12124,0.0
12127,0.0
12129,0.0
12131,0.0
12132,0.0
12134,0.0
12138,0.0
12141,0.0
12142,0.0
12143,0.0
12144,0.0
12147,0.0
12148,0.0
12160,0.0
12164,0.0
12173,0.0
12174,0.0
12182,0.0
12185,0.0
12186,0.0
12188,0.0
12189,0.0
12192,0.0
12198,0.0
12200,0.0
12201,0.0
12203,0.0
12205,0.0
12206,0.0
12217,0.0
12218,0.0
12228,0.0
12232,0.0
12237,0.0
12241,0.0
12244,0.0
12246,0.0
12249,0.0
12250,0.0
12252,0.0
12256,0.0
12259,0.0
12262,0.0
12268,0.0
12271,0.0
12274,0.0
12278,0.0
12282,0.0
12287,0.0
12289,0.0
12293,0.0
12299,0.0
12302,0.0
12303,0.0
12306,0.0
12307,0.0
12311,0.0
12312,0.0
12313,0.0
12316,0.0
12320,0.0
12322,0.0
12326,0.0
12328,0.0
12338,0.0
12340,0.0
12342,0.0
12348,0.0
12350,0.0
12352,0.0
12353,0.0
12355,0.0
12359,0.0
12360,0.0
12363,0.0
12365,0.0
12366,0.0
12369,0.0
12371,0.0
12377,0.0
12381,0.0
12386,0.0
12389,0.0
12393,0.0
12394,0.0
12395,0.0
12398,0.0
12402,0.0
12404,0.0
12409,0.0
12410,0.0
12419,0.0
12421,0.0
12425,0.0
12427,0.0
12431,0.0
12440,0.0
12442,0.0
12448,0.0
12455,0.0
12462,0.0
12466,0.0
12469,0.0
12472,0.0
12473,0.0
12474,0.0
12481,0.0
12482,0.0
12486,0.0
12487,0.0
12493,0.0
12498,0.0
12500,0.0
12507,0.0
12510,0.0
12511,0.0
12512,0.0
12519,0.0
12526,0.0
12531,0.0
12533,0.0
12535,0.0
12544,0.0
12546,0.0
12555,0.0
12556,0.0
12558,0.0
12561,0.0
12564,0.0
12566,0.0
12572,0.0
12576,0.0
12582,0.0
12586,0.0
12589,0.0
12593,0.0
12604,0.0
12608,0.0
12609,0.0
12611,0.0
12616,0.0
12617,0.0
12620,0.0
12622,0.0
12624,0.0
12625,0.0
12626,0.0
12632,0.0
12635,0.0
12638,0.0
12639,0.0
12640,0.0
12654,0.0
12656,0.0
12664,0.0
12668,0.0
12675,0.0
12676,0.0
12677,0.0
12685,0.0
12688,0.0
12693,0.0
12694,0.0
12700,0.0
12708,0.0
12714,0.0
12723,0.0
12725,0.0
12727,0.0
12742,0.0
12750,0.0
12754,0.0
12756,0.0
12757,0.0
12762,0.0
12763,0.0
12764,0.0
12765,0.0
12767,0.0
12769,0.0
12771,0.0
12774,0.0
12776,0.0
12778,0.0
12779,0.0
12780,0.0
12782,0.0
12784,0.0
12786,0.0
12794,0.0
12795,0.0
12802,0.0
12811,0.0
12813,0.0
12817,0.0
12822,0.0
12823,0.0
12826,0.0
12827,0.0
12828,0.0
12829,0.0
12831,0.0
12846,0.0
12847,0.0
12849,0.0
12862,0.0
12868,0.0
12869,0.0
12871,0.0
12874,0.0
12875,0.0
12880,0.0
12884,0.0
12885,0.0
12891,0.0
12900,0.0
12901,0.0
12923,0.0
12926,0.0
12927,0.0
12932,0.0
12937,0.0
12938,0.0
12947,0.0
12950,0.0
12954,0.0
12955,0.0
12956,0.0
12958,0.0
12966,0.0
12968,0.0
12969,0.0
12977,0.0
12995,0.0
12999,0.0
13000,0.0
13009,0.0
13019,0.0
13020,0.0
13021,0.0
13022,0.0
13026,0.0
13028,0.0
13029,0.0
13035,0.0
13038,0.0
13039,0.0
13043,0.0
13049,0.0
13055,0.0
13058,0.0
13060,0.0
13062,0.0
13065,0.0
13066,0.0
13069,0.0
13071,0.0
13073,0.0
13078,0.0
13080,0.0
13084,0.0
13090,0.0
13101,0.0
13102,0.0
13103,0.0
13104,0.0
13111,0.0
13117,0.0
13120,0.0
13121,0.0
13127,0.0
13128,0.0
13130,0.0
13133,0.0
13134,0.0
13136,0.0
13140,0.0
13143,0.0
13151,0.0
13158,0.0
13163,0.0
13166,0.0
13167,0.0
13174,0.0
13175,0.0
13176,0.0
13179,0.0
13189,0.0
13190,0.0
13204,0.0
13208,0.0
13210,0.0
13214,0.0
13217,0.0
13221,0.0
13241,0.0
13247,0.0
13251,0.0
13252,0.0
13255,0.0
13256,0.0
13258,0.0
13262,0.0
13263,0.0
13264,0.0
13269,0.0
13270,0.0
13274,0.0
13277,0.0
13280,0.0
13284,0.0
13287,0.0
13289,0.0
13290,0.0
13291,0.0
13294,0.0
13295,0.0
13305,0.0
13306,0.0
13309,0.0
13311,0.0
13314,0.0
13321,0.0
13325,0.0
13326,0.0
13327,0.0
13329,0.0
13333,0.0
13337,0.0
13338,0.0
13347,0.0
13350,0.0
13357,0.0
13363,0.0
13364,0.0
13365,0.0
13367,0.0
13368,0.0
13372,0.0
13373,0.0
13374,0.0
13375,0.0
13376,0.0
13380,0.0
13382,0.0
13387,0.0
13388,0.0
13401,0.0
13402,0.0
13408,0.0
13417,0.0
13420,0.0
13423,0.0
13424,0.0
13430,0.0
13431,0.0
13447,0.0
13448,0.0
13449,0.0
13459,0.0
13460,0.0
13462,0.0
13463,0.0
13470,0.0
13471,0.0
13472,0.0
13473,0.0
13483,0.0
13490,0.0
13491,0.0
13492,0.0
13494,0.0
13510,0.0
13512,0.0
13513,0.0
13516,0.0
13518,0.0
13529,0.0
13532,0.0
13538,0.0
13540,0.0
13544,0.0
13545,0.0
13551,0.0
13552,0.0
13553,0.0
13556,0.0
13560,0.0
13564,0.0
13566,0.0
13570,0.0
13573,0.0
13577,0.0
13582,0.0
13584,0.0
13585,0.0
13587,0.0
13590,0.0
13591,0.0
13593,0.0
13602,0.0
13610,0.0
13619,0.0
13620,0.0
13621,0.0
13623,0.0
13624,0.0
13626,0.0
13630,0.0
13631,0.0
13633,0.0
13642,0.0
13644,0.0
13645,0.0
13649,0.0
13650,0.0
13652,0.0
13653,0.0
13672,0.0
13675,0.0
13676,0.0
13678,0.0
13680,0.0
13689,0.0
13690,0.0
13699,0.0
13701,0.0
13702,0.0
13711,0.0
13714,0.0
13720,0.0
13721,0.0
13722,1.0
13729,0.0
13734,0.0
13742,0.0
13751,0.0
13759,0.0
13760,0.0
13762,0.0
13779,0.0
13780,0.0
13781,0.0
13787,0.0
13789,0.0
13790,0.0
13793,0.0
13794,0.0
13796,0.0
13802,0.0
13805,0.0
13808,0.0
13809,0.0
13813,0.0
13817,0.0
13822,0.0
13830,0.0
13831,0.0
13832,0.0
13833,0.0
13838,0.0
13845,0.0
13847,0.0
13848,0.0
13849,0.0
13863,0.0
13865,0.0
13869,0.0
13876,0.0
13883,0.0
13889,0.0
13892,0.0
13893,0.0
13897,0.0
13898,0.0
13903,0.0
13904,0.0
13907,0.0
13912,0.0
13915,0.0
13934,0.0
13935,0.0
13941,0.0
13947,0.0
13954,0.0
13957,0.0
13958,0.0
13959,0.0
13961,0.0
13977,0.0
13979,0.0
13985,0.0
13986,0.0
13994,0.0
13995,0.0
13996,0.0
14001,0.0
14029,0.0
14033,0.0
14037,0.0
14038,0.0
14039,0.0
14042,0.0
14047,0.0
14049,0.0
14050,0.0
14054,0.0
14055,0.0
14057,0.0
14060,0.0
14062,0.0
14074,0.0
14076,0.0
14081,0.0
14083,0.0
14085,0.0
14093,0.0
14094,0.0
14095,0.0
14099,0.0
14107,0.0
14111,0.0
14112,0.0
14114,0.0
14115,0.0
14116,0.0
14117,0.0
14122,0.0
14124,0.0
14131,0.0
14133,0.0
14134,0.0
14136,0.0
14140,0.0
14143,0.0
14147,0.0
14149,0.0
14153,0.0
14156,0.0
14159,0.0
14161,0.0
14162,0.0
14166,0.0
14173,0.0
14174,0.0
14178,0.0
14185,0.0
14188,0.0
14190,0.0
14192,0.0
14197,0.0
14198,0.0
14210,0.0
14211,0.0
14230,0.0
14231,0.0
14232,0.0
14236,0.0
14241,0.0
14247,0.0
14248,0.0
14249,0.0
14250,0.0
14253,0.0
14259,0.0
14261,0.0
14271,0.0
14279,0.0
14287,0.0
14289,0.0
14297,0.0
14298,0.0
14299,0.0
14304,0.0
14305,0.0
14307,0.0
14310,0.0
14316,0.0
14323,0.0
14324,0.0
14325,0.0
14332,0.0
14334,0.0
14341,0.0
14343,0.0
14345,0.0
14355,0.0
14361,0.0
14364,0.0
14365,0.0
14370,0.0
14384,0.0
14385,0.0
14389,0.0
14390,0.0
14393,0.0
14399,0.0
14400,0.0
14402,0.0
14404,0.0
14411,0.0
14412,0.0
14418,0.0
14425,0.0
14444,0.0
14448,0.0
14453,0.0
14458,0.0
14466,0.0
14467,0.0
14468,0.0
14469,0.0
14470,0.0
14473,0.0
14474,0.0
14479,0.0
14485,0.0
14487,0.0
14494,0.0
14499,0.0
14505,0.0
14510,0.0
14512,0.0
14513,0.0
14516,0.0
14521,0.0
14523,0.0
14530,0.0
14542,0.0
14543,0.0
14545,0.0
14555,0.0
14560,0.0
14563,0.0
14571,0.0
14574,0.0
14575,0.0
14579,0.0
14587,0.0
14588,0.0
14592,0.0
14599,0.0
14600,0.0
14604,0.0
14607,0.0
14611,0.0
14613,0.0
14637,0.0
14639,0.0
14649,0.0
14658,0.0
14660,0.0
14663,0.0
14665,0.0
14667,0.0
14669,0.0
14672,0.0
14682,0.0
14683,0.0
14684,0.0
14689,0.0
14690,0.0
14694,0.0
14698,0.0
14718,0.0
14720,0.0
14732,0.0
14738,0.0
14741,0.0
14745,0.0
14746,0.0
14750,0.0
14755,0.0
14766,0.0
14768,0.0
14775,0.0
14780,0.0
14781,0.0
14782,0.0
14784,0.0
14787,0.0
14793,0.0
14796,0.0
14798,0.0
14801,0.0
14805,1.0
14812,0.0
14814,0.0
14820,0.0
14822,0.0
14823,0.0
14824,0.0
14825,0.0
14826,0.0
14829,0.0
14830,0.0
14836,0.0
14837,0.0
14844,0.0
14845,0.0
14846,0.0
14853,0.0
14861,0.0
14873,0.0
14875,0.0
14876,0.0
14883,0.0
14886,0.0
14887,0.0
14890,0.0
14892,0.0
14901,0.0
14908,0.0
14909,0.0
14915,0.0
14918,0.0
14920,0.0
14921,0.0
14928,0.0
14929,0.0
14930,0.0
14933,0.0
14934,0.0
14936,0.0
14950,0.0
14954,0.0
14957,0.0
14959,0.0
14961,0.0
14965,0.0
14972,0.0
14974,0.0
14986,0.0
14991,0.0
14993,0.0
14995,0.0
14997,0.0
14998,0.0
14999,0.0
15000,0.0
15001,0.0
15003,0.0
15015,0.0
15028,0.0
15030,0.0
15039,0.0
15040,0.0
15044,0.0
15045,0.0
15049,0.0
15050,0.0
15052,0.0
15057,0.0
15058,0.0
15059,0.0
15067,0.0
15070,0.0
15072,0.0
15073,0.0
15074,0.0
15078,0.0
15083,0.0
15090,0.0
15093,0.0
15097,0.0
15098,0.0
15106,0.0
15108,0.0
15110,0.0
15112,0.0
15114,0.0
15116,0.0
15118,0.0
15123,0.0
15132,0.0
15135,0.0
15139,0.0
15140,0.0
15143,0.0
15146,0.0
15148,0.0
15151,0.0
15155,0.0
15156,0.0
15160,0.0
15161,0.0
15170,0.0
15173,0.0
15177,0.0
15184,0.0
15187,0.0
15190,0.0
15194,0.0
15200,0.0
15201,0.0
15205,0.0
15206,0.0
15208,0.0
15211,0.0
15213,0.0
15216,0.0
15221,0.0
15225,0.0
15231,0.0
15237,0.0
15245,0.0
15252,0.0
15256,0.0
15258,0.0
15267,0.0
15268,0.0
15272,0.0
15274,0.0
15279,0.0
15280,0.0
15282,0.0
15284,0.0
15285,0.0
15286,0.0
15287,0.0
15292,0.0
15305,0.0
15309,0.0
15310,0.0
15313,0.0
15317,0.0
15321,0.0
15322,0.0
15328,0.0
15330,0.0
15333,0.0
15335,0.0
15336,0.0
15341,0.0
15346,0.0
15350,0.0
15358,0.0
15360,0.0
15366,0.0
15369,0.0
15374,0.0
15383,0.0
15388,0.0
15391,0.0
15393,0.0
15407,0.0
15408,0.0
15410,0.0
15415,0.0
15418,0.0
15419,0.0
15420,0.0
15422,0.0
15429,0.0
15436,0.0
15437,0.0
15439,0.0
15440,0.0
15441,0.0
15442,0.0
15446,0.0
15448,0.0
15449,0.0
15452,0.0
15459,0.0
15465,0.0
15469,0.0
15473,0.0
15474,0.0
15479,0.0
15487,0.0
15490,0.0
15494,0.0
15499,0.0
15500,0.0
15501,0.0
15513,0.0
15517,0.0
15522,0.0
15525,0.0
15527,0.0
15533,0.0
15537,0.0
15539,0.0
15540,0.0
15547,0.0
15550,0.0
15551,0.0
15553,0.0
15561,0.0
15567,0.0
15572,0.0
15574,0.0
15577,0.0
15579,0.0
15582,0.0
15589,0.0
15594,0.0
15597,0.0
15598,0.0
15599,0.0
15602,0.0
15603,0.0
15608,0.0
15609,0.0
15611,0.0
15620,0.0
15622,0.0
15626,0.0
15627,0.0
15628,0.0
15629,0.0
15632,0.0
15633,0.0
15645,0.0
15653,0.0
15654,0.0
15655,0.0
15657,0.0
15662,0.0
15667,0.0
15669,0.0
15675,0.0
15678,0.0
15683,0.0
15685,0.0
15687,0.0
15689,0.0
15691,0.0
15693,0.0
15696,0.0
15699,0.0
15702,0.0
15703,0.0
15707,0.0
15710,0.0
15717,0.0
15719,0.0
15731,0.0
15737,0.0
15742,0.0
15746,0.0
15752,0.0
15755,0.0
15756,0.0
15757,0.0
15759,0.0
15761,0.0
15765,0.0
15766,0.0
15774,0.0
15776,0.0
15790,0.0
15791,0.0
15792,0.0
15794,0.0
15795,0.0
15798,0.0
15804,0.0
15806,0.0
15809,0.0
15816,0.0
15820,0.0
15822,0.0
15823,0.0
15828,0.0
15830,0.0
15847,0.0
15848,0.0
15849,0.0
15850,0.0
15852,0.0
15853,0.0
15855,0.0
15862,0.0
15863,0.0
15865,0.0
15866,0.0
15873,0.0
15875,0.0
15884,0.0
15889,0.0
15891,0.0
15892,0.0
15893,0.0
15894,0.0
15901,0.0
15905,0.0
15911,0.0
15922,0.0
15925,0.0
15926,0.0
15934,0.0
15942,0.0
15945,0.0
15952,0.0
15955,0.0
15959,0.0
15962,0.0
15970,0.0
15977,0.0
15982,0.0
15987,0.0
15989,0.0
15990,0.0
15995,0.0
15998,0.0
16007,0.0
16011,0.0
16012,0.0
16014,0.0
16021,0.0
16024,0.0
16026,0.0
16028,0.0
16036,0.0
16045,0.0
16049,0.0
16071,0.0
16075,0.0
16077,0.0
16078,0.0
16083,0.0
16085,0.0
16091,0.0
16093,0.0
16095,0.0
16100,0.0
16101,0.0
16104,0.0
16109,0.0
16112,0.0
16118,0.0
16120,0.0
16123,0.0
16127,0.0
16135,0.0
16138,0.0
16143,0.0
16145,0.0
16146,0.0
16154,0.0
16155,0.0
16156,0.0
16158,0.0
16161,0.0
16168,0.0
16174,0.0
16179,0.0
16180,0.0
16182,0.0
16183,0.0
16187,0.0
16190,0.0
16199,0.0
16200,0.0
16201,0.0
16203,0.0
16207,0.0
16208,0.0
16213,0.0
16214,0.0
16216,0.0
16220,0.0
16228,0.0
16235,0.0
16240,0.0
16242,0.0
16246,0.0
16251,0.0
16253,0.0
16255,0.0
16259,0.0
16266,0.0
16268,0.0
16281,0.0
16282,0.0
16294,0.0
16307,0.0
16310,0.0
16311,0.0
16315,0.0
16316,0.0
16317,0.0
16322,0.0
16329,0.0
16330,0.0
16331,0.0
16334,0.0
16338,0.0
16339,0.0
16342,0.0
16345,0.0
16347,0.0
16349,0.0
16350,0.0
16360,0.0
16373,0.0
16374,0.0
16376,0.0
16381,0.0
16382,0.0
16389,0.0
16392,0.0
16406,0.0
16407,0.0
16411,0.0
16414,0.0
16416,0.0
16420,0.0
16426,0.0
16427,0.0
16428,0.0
16441,0.0
16450,0.0
16453,0.0
16466,0.0
16472,0.0
16473,0.0
16480,0.0
16481,0.0
16488,0.0
16491,0.0
16494,0.0
16495,0.0
16498,0.0
16500,0.0
16508,0.0
16518,0.0
16524,0.0
16526,0.0
16527,0.0
16529,0.0
16536,0.0
16543,0.0
16552,0.0
16557,0.0
16560,0.0
16566,0.0
16581,0.0
16592,0.0
16599,0.0
16601,0.0
16604,0.0
16608,0.0
16615,0.0
16619,0.0
16620,0.0
16622,0.0
16624,0.0
16626,0.0
16627,0.0
16636,0.0
16638,0.0
16641,0.0
16645,0.0
16647,0.0
16648,0.0
16650,0.0
16651,0.0
16656,0.0
16660,0.0
16666,0.0
16671,0.0
16684,0.0
16686,0.0
16688,0.0
16692,0.0
16699,0.0
16702,0.0
16705,0.0
16709,0.0
16712,0.0
16718,0.0
16721,0.0
16726,0.0
16733,0.0
16734,0.0
16735,0.0
16737,0.0
16740,0.0
16741,0.0
16753,0.0
16768,0.0
16772,0.0
16776,0.0
16798,0.0
16801,0.0
16807,0.0
16808,0.0
16818,0.0
16819,0.0
16820,0.0
16821,0.0
16826,0.0
16829,0.0
16833,0.0
16834,0.0
16840,0.0
16852,0.0
16857,0.0
16868,0.0
16873,0.0
16875,0.0
16882,0.0
16884,0.0
16885,0.0
16892,0.0
16893,0.0
16902,0.0
16905,0.0
16910,0.0
16912,0.0
16914,0.0
16917,0.0
16918,0.0
16920,0.0
16940,0.0
16941,0.0
16949,0.0
16954,0.0
16964,0.0
16968,0.0
16978,0.0
16983,0.0
16984,0.0
16988,0.0
16997,0.0
17007,0.0
17009,0.0
17014,0.0
17015,0.0
17020,0.0
17022,0.0
17026,0.0
17028,0.0
17036,0.0
17042,0.0
17048,0.0
17053,0.0
17057,0.0
17060,0.0
17061,0.0
17068,0.0
17070,0.0
17072,0.0
17077,0.0
17081,0.0
17082,0.0
17083,0.0
17086,0.0
17093,0.0
17095,0.0
17102,0.0
17103,0.0
17109,0.0
17110,0.0
17112,0.0
17117,0.0
17119,0.0
17121,0.0
17129,0.0
17133,0.0
17136,0.0
17139,0.0
17143,0.0
17146,0.0
17151,0.0
17152,0.0
17172,0.0
17180,0.0
17185,0.0
17187,0.0
17188,0.0
17195,0.0
17197,0.0
17199,0.0
17200,0.0
17202,0.0
17203,0.0
17209,0.0
17213,0.0
17218,0.0
17226,0.0
17230,0.0
17235,0.0
17238,0.0
17239,0.0
17245,0.0
17247,0.0
17251,0.0
17253,0.0
17257,0.0
17260,0.0
17262,0.0
17263,0.0
17268,0.0
17269,0.0
17272,0.0
17276,0.0
17278,0.0
17285,0.0
17290,0.0
17296,0.0
17297,0.0
17313,0.0
17317,0.0
17320,0.0
17325,0.0
17330,0.0
17342,0.0
17346,0.0
17347,0.0
17355,0.0
17363,0.0
17369,0.0
17371,0.0
17372,0.0
17373,0.0
17381,0.0
17384,0.0
17385,0.0
17394,0.0
17395,0.0
17396,0.0
17397,0.0
17400,0.0
17405,0.0
17418,0.0
17428,0.0
17438,0.0
17440,0.0
17444,0.0
17445,0.0
17449,0.0
17450,0.0
17452,0.0
17453,0.0
17455,0.0
17456,0.0
17463,0.0
17468,0.0
17469,0.0
17470,0.0
17474,0.0
17478,0.0
17489,0.0
17501,0.0
17503,0.0
17508,0.0
17511,0.0
17518,0.0
17519,0.0
17527,0.0
17533,0.0
17539,0.0
17541,0.0
17557,0.0
17567,0.0
17577,0.0
17579,0.0
17591,0.0
17603,0.0
17612,0.0
17614,0.0
17615,0.0
17618,0.0
17623,0.0
17627,0.0
17630,0.0
17634,0.0
17636,0.0
17639,0.0
17640,0.0
17641,0.0
17642,0.0
17646,0.0
17656,0.0
17657,0.0
17658,0.0
17660,0.0
17664,0.0
17670,0.0
17674,0.0
17676,0.0
17677,0.0
17680,0.0
17682,0.0
17684,0.0
17688,0.0
17689,0.0
17690,0.0
17696,0.0
17701,0.0
17703,0.0
17704,0.0
17705,0.0
17709,0.0
17710,0.0
17711,0.0
17715,0.0
17719,0.0
17723,0.0
17728,0.0
17740,0.0
17753,0.0
17757,0.0
17762,0.0
17765,0.0
17766,0.0
17767,0.0
17768,0.0
17772,0.0
17774,0.0
17780,0.0
17785,0.0
17794,0.0
17797,0.0
17807,0.0
17811,0.0
17816,0.0
17819,0.0
17822,0.0
17827,0.0
17828,0.0
17829,0.0
17830,0.0
17831,0.0
17838,0.0
17842,0.0
17850,0.0
17854,0.0
17856,0.0
17860,0.0
17861,0.0
17864,0.0
17865,0.0
17867,0.0
17869,0.0
17875,0.0
17892,0.0
17893,0.0
17894,0.0
17901,0.0
17902,0.0
17904,0.0
17905,0.0
17910,0.0
17913,0.0
17917,0.0
17921,0.0
17932,0.0
17934,0.0
17937,0.0
17941,0.0
17943,0.0
17948,0.0
17950,0.0
17954,0.0
17956,0.0
17960,0.0
17963,0.0
17965,0.0
17966,0.0
17968,0.0
17972,0.0
17974,0.0
17977,0.0
17980,0.0
17986,0.0
17991,0.0
18001,0.0
18002,0.0
18010,0.0
18011,0.0
18013,0.0
18016,0.0
18019,0.0
18022,0.0
18023,0.0
18032,0.0
18039,0.0
18041,0.0
18043,0.0
18048,0.0
18050,0.0
18055,0.0
18060,0.0
18064,0.0
18065,0.0
18066,0.0
18069,0.0
18080,0.0
18089,0.0
18092,0.0
18095,0.0
18099,0.0
18103,0.0
18108,0.0
18110,0.0
18114,0.0
18118,0.0
18120,0.0
18128,0.0
18130,0.0
18131,0.0
18133,0.0
18136,0.0
18148,0.0
18154,0.0
18157,0.0
18158,0.0
18161,0.0
18163,0.0
18164,0.0
18167,0.0
18168,0.0
18170,0.0
18173,0.0
18174,0.0
18184,0.0
18186,0.0
18187,0.0
18189,0.0
18191,0.0
18193,0.0
18197,0.0
18200,0.0
18206,0.0
18208,0.0
18209,0.0
18211,0.0
18212,0.0
18214,0.0
18218,0.0
18222,0.0
18223,0.0
18225,0.0
18227,0.0
18229,0.0
18232,0.0
18233,0.0
18234,0.0
18241,0.0
18246,0.0
18251,0.0
18254,0.0
18258,0.0
18259,0.0
18260,0.0
18265,0.0
18266,0.0
18268,0.0
18271,0.0
18272,0.0
18276,0.0
18287,0.0
18297,0.0
18298,0.0
18301,0.0
18302,0.0
18308,0.0
18309,0.0
18310,0.0
18312,0.0
18313,0.0
18321,0.0
18328,0.0
18329,0.0
18332,0.0
18336,0.0
18337,0.0
18338,0.0
18344,0.0
18348,0.0
18349,0.0
18360,0.0
18361,0.0
18362,0.0
18363,0.0
18370,0.0
18376,0.0
18382,0.0
18384,0.0
18386,0.0
18388,0.0
18392,0.0
18393,0.0
18396,0.0
18397,0.0
18398,0.0
18400,0.0
18407,0.0
18408,0.0
18411,0.0
18415,0.0
18416,0.0
18418,0.0
18419,0.0
18427,0.0
18430,0.0
18435,0.0
18436,0.0
18449,0.0
18454,0.0
18458,0.0
18462,0.0
18464,0.0
18468,0.0
18469,0.0
18470,0.0
18474,0.0
18478,1.0
18484,0.0
18491,0.0
18498,0.0
18501,0.0
18507,0.0
18509,0.0
18520,0.0
18522,0.0
18526,1.0
18542,0.0
18544,0.0
18547,0.0
18549,0.0
18553,0.0
18564,0.0
18571,0.0
18575,0.0
18583,0.0
18588,0.0
18590,0.0
18594,0.0
18597,0.0
18599,0.0
18605,0.0
18611,0.0
18613,0.0
18614,0.0
18615,0.0
18616,0.0
18624,0.0
18626,0.0
18630,0.0
18634,0.0
18637,0.0
18638,0.0
18639,0.0
18640,0.0
18647,0.0
18649,0.0
18654,0.0
18663,0.0
18676,0.0
18679,0.0
18682,0.0
18689,0.0
18698,0.0
18700,0.0
18703,0.0
18704,0.0
18708,0.0
18714,0.0
18716,0.0
18717,0.0
18722,0.0
18723,0.0
18726,0.0
18731,0.0
18737,0.0
18742,0.0
18744,0.0
18750,0.0
18754,0.0
18757,0.0
18762,0.0
18766,0.0
18767,0.0
18772,0.0
18773,0.0
18776,0.0
18779,0.0
18781,0.0
18785,0.0
18786,0.0
18789,0.0
18790,0.0
18796,0.0
18798,0.0
18799,0.0
18807,0.0
18808,0.0
18811,0.0
18825,0.0
18829,0.0
18830,0.0
18833,0.0
18838,0.0
18839,0.0
18845,0.0
18846,0.0
18851,0.0
18855,0.0
18858,0.0
18862,0.0
18864,0.0
18866,0.0
18872,0.0
18875,1.0
18879,0.0
18885,0.0
18893,0.0
18894,0.0
18899,0.0
18904,0.0
18917,0.0
18932,0.0
18936,0.0
18937,0.0
18938,0.0
18941,0.0
18944,0.0
18946,0.0
18957,0.0
18958,0.0
18962,0.0
18963,0.0
18965,0.0
18966,0.0
18969,0.0
18972,0.0
18974,0.0
18979,0.0
18994,0.0
18995,0.0
18996,0.0
19000,0.0
19003,0.0
19004,0.0
19008,0.0
19013,0.0
19021,0.0
19026,0.0
19028,0.0
19030,0.0
19032,0.0
19041,0.0
19042,0.0
19044,0.0
19052,0.0
19055,0.0
19065,0.0
19071,0.0
19079,0.0
19081,0.0
19082,0.0
19086,0.0
19106,0.0
19107,0.0
19117,0.0
19126,0.0
19128,0.0
19138,0.0
19139,0.0
19140,0.0
19145,0.0
19146,0.0
19148,0.0
19154,0.0
19159,0.0
19162,0.0
19163,0.0
19171,0.0
19175,0.0
19178,0.0
19181,0.0
19182,0.0
19183,0.0
19188,0.0
19198,0.0
19200,0.0
19202,0.0
19209,0.0
19214,0.0
19221,0.0
19227,0.0
19239,0.0
19240,0.0
19247,0.0
19254,0.0
19256,0.0
19257,0.0
19263,0.0
19264,0.0
19267,0.0
19268,0.0
19274,0.0
19278,0.0
19290,0.0
19294,0.0
19302,0.0
19308,0.0
19309,0.0
19321,0.0
19326,0.0
19329,0.0
19330,0.0
19340,0.0
19349,0.0
19351,0.0
19366,0.0
19370,0.0
19371,0.0
19373,0.0
19374,0.0
19376,0.0
19377,0.0
19379,0.0
19383,0.0
19385,0.0
19392,0.0
19396,0.0
19404,0.0
19408,0.0
19409,0.0
19417,0.0
19421,0.0
19432,0.0
19433,0.0
19434,0.0
19435,0.0
19440,0.0
19441,0.0
19442,0.0
19449,0.0
19451,0.0
19453,0.0
19455,0.0
19468,0.0
19472,0.0
19477,0.0
19484,0.0
19486,0.0
19490,0.0
19495,0.0
19505,0.0
19506,0.0
19509,0.0
19517,0.0
19530,0.0
19539,0.0
19552,0.0
19554,0.0
19555,0.0
19558,0.0
19559,0.0
19560,0.0
19566,0.0
19571,0.0
19572,0.0
19577,0.0
19585,0.0
19588,0.0
19596,0.0
19601,0.0
19603,0.0
19610,0.0
19615,0.0
19619,0.0
19620,0.0
19622,0.0
19628,0.0
19633,0.0
19643,0.0
19645,0.0
19655,0.0
19657,0.0
19658,0.0
19660,0.0
19661,0.0
19662,0.0
19663,0.0
19671,0.0
19676,0.0
19677,0.0
19679,0.0
19680,0.0
19685,0.0
19697,0.0
19699,0.0
19702,0.0
19705,0.0
19707,0.0
19711,0.0
19712,0.0
19716,0.0
19717,0.0
19718,0.0
19721,0.0
19728,0.0
19735,0.0
19739,0.0
19746,0.0
19749,0.0
19750,0.0
19753,0.0
19756,0.0
19761,0.0
19762,0.0
19765,0.0
19767,0.0
19775,0.0
19777,0.0
19779,0.0
19788,0.0
19789,0.0
19793,0.0
19796,0.0
19799,0.0
19802,0.0
19805,0.0
19809,0.0
19810,0.0
19812,0.0
19813,0.0
19815,0.0
19819,0.0
19823,0.0
19827,0.0
19838,0.0
19843,0.0
19848,0.0
19851,0.0
19863,0.0
19867,0.0
19868,0.0
19870,0.0
19874,0.0
19880,0.0
19881,0.0
19884,0.0
19885,0.0
19886,0.0
19887,0.0
19897,0.0
19898,0.0
19916,0.0
19918,0.0
19925,0.0
19928,0.0
19933,0.0
19935,0.0
19941,0.0
19945,0.0
19950,0.0
19952,0.0
19953,0.0
19962,0.0
19968,0.0
19970,0.0
19973,0.0
19976,0.0
19977,0.0
19979,0.0
19980,0.0
19986,0.0
19993,0.0
19995,0.0
19996,0.0
19997,0.0
20005,0.0
20006,0.0
20018,0.0
20021,0.0
20024,0.0
20026,0.0
20029,0.0
20030,0.0
20037,0.0
20040,0.0
20051,0.0
20053,0.0
20054,0.0
20059,0.0
20067,0.0
20071,0.0
20077,0.0
20078,0.0
20079,0.0
20080,0.0
20085,0.0
20091,0.0
20092,0.0
20098,0.0
20100,0.0
20103,0.0
20104,0.0
20106,0.0
20107,0.0
20109,0.0
20113,0.0
20115,0.0
20126,0.0
20128,0.0
20129,0.0
20132,0.0
20136,0.0
20140,0.0
20142,0.0
20145,0.0
20146,0.0
20147,0.0
20148,0.0
20151,0.0
20159,0.0
20161,0.0
20168,0.0
20185,0.0
20186,0.0
20188,0.0
20201,0.0
20204,0.0
20214,0.0
20221,0.0
20227,0.0
20230,1.0
20234,0.0
20236,0.0
20240,0.0
20248,0.0
20252,0.0
20254,0.0
20261,0.0
20263,0.0
20267,0.0
20270,0.0
20279,0.0
20280,0.0
20287,0.0
20288,0.0
20297,0.0
20305,0.0
20306,0.0
20315,0.0
20328,0.0
20336,0.0
20341,0.0
20342,0.0
20344,0.0
20361,0.0
20366,0.0
20372,0.0
20374,0.0
20375,0.0
20379,0.0
20383,0.0
20390,0.0
20393,0.0
20398,0.0
20399,0.0
20402,0.0
20408,0.0
20410,0.0
20413,0.0
20415,0.0
20416,0.0
20418,0.0
20421,0.0
20423,0.0
20437,0.0
20438,0.0
20441,0.0
20444,0.0
20447,0.0
20451,0.0
20459,0.0
20460,0.0
20463,0.0
20465,0.0
20473,0.0
20474,0.0
20475,0.0
20482,0.0
20487,0.0
20493,0.0
20497,0.0
20498,0.0
20502,0.0
20504,0.0
20505,0.0
20507,0.0
20526,0.0
20531,0.0
20537,0.0
20541,0.0
20542,0.0
20553,0.0
20561,0.0
20562,0.0
20569,0.0
20575,0.0
20576,0.0
20577,0.0
20579,0.0
20582,0.0
20583,0.0
20591,0.0
20612,0.0
20618,0.0
20625,0.0
20627,0.0
20628,0.0
20633,0.0
20640,0.0
20641,0.0
20650,0.0
20653,0.0
20656,0.0
20657,0.0
20659,0.0
20664,0.0
20668,0.0
20669,0.0
20674,0.0
20681,0.0
20682,0.0
20683,0.0
20693,0.0
20700,0.0
20701,0.0
20706,0.0
20707,0.0
20710,0.0
20733,0.0
20751,0.0
20754,0.0
20756,0.0
20761,0.0
20762,0.0
20766,0.0
20768,0.0
20773,0.0
20779,0.0
20786,0.0
20793,0.0
20795,0.0
20797,0.0
20801,0.0
20805,0.0
20806,0.0
20810,0.0
20812,0.0
20819,0.0
20820,0.0
20829,0.0
20834,0.0
20843,0.0
20844,0.0
20850,0.0
20852,0.0
20853,0.0
20865,0.0
20866,0.0
20869,0.0
20870,0.0
20872,0.0
20873,0.0
20876,0.0
20878,0.0
20882,0.0
20886,0.0
20887,0.0
20890,0.0
20891,0.0
20894,0.0
20901,0.0
20905,0.0
20910,0.0
20912,0.0
20913,0.0
20917,0.0
20924,0.0
20927,0.0
20932,0.0
20933,0.0
20934,0.0
20936,0.0
20944,0.0
20952,0.0
20955,0.0
20964,0.0
20965,0.0
20979,0.0
20980,0.0
20982,0.0
20985,0.0
20986,0.0
20988,0.0
20989,0.0
20997,0.0
21000,0.0
21007,0.0
21008,0.0
21014,0.0
21017,0.0
21033,0.0
21034,0.0
21039,0.0
21046,0.0
21047,0.0
21052,0.0
21056,0.0
21063,0.0
21065,0.0
21066,0.0
21072,0.0
21084,0.0
21087,0.0
21092,0.0
21099,0.0
21100,0.0
21111,0.0
21112,0.0
21115,0.0
21117,0.0
21118,0.0
21120,0.0
21121,0.0
21124,0.0
21134,0.0
21142,0.0
21143,0.0
21149,0.0
21151,0.0
21152,0.0
21157,0.0
21159,0.0
21160,0.0
21175,0.0
21176,0.0
21181,0.0
21182,0.0
21192,0.0
21205,0.0
21208,0.0
21212,0.0
21218,0.0
21221,0.0
21222,0.0
21224,0.0
21226,0.0
21228,0.0
21229,0.0
21233,0.0
21235,0.0
21247,0.0
21249,0.0
21251,0.0
21256,0.0
21263,0.0
21275,0.0
21287,0.0
21288,0.0
21292,0.0
21299,0.0
21301,0.0
21302,0.0
21305,0.0
21319,0.0
21321,0.0
21330,0.0
21333,0.0
21336,0.0
21337,0.0
21338,0.0
21340,0.0
21341,0.0
21342,0.0
21343,0.0
21345,0.0
21352,0.0
21354,0.0
21361,0.0
21365,0.0
21366,0.0
21377,0.0
21379,0.0
21380,0.0
21386,0.0
21389,0.0
21392,0.0
21396,0.0
21400,0.0
21401,0.0
21406,0.0
21408,0.0
21409,0.0
21413,0.0
21423,0.0
21429,0.0
21432,0.0
21433,0.0
21434,0.0
21443,0.0
21444,0.0
21445,0.0
21447,0.0
21458,0.0
21471,0.0
21472,0.0
21477,0.0
21484,0.0
21487,0.0
21489,0.0
21497,0.0
21498,0.0
21504,0.0
21506,0.0
21512,0.0
21514,0.0
21519,0.0
21520,0.0
21526,0.0
21528,0.0
21533,0.0
21534,0.0
21535,0.0
21539,0.0
21544,0.0
21545,0.0
21546,0.0
21548,0.0
21549,0.0
21559,0.0
21561,0.0
21564,0.0
21572,0.0
21573,0.0
21574,0.0
21575,0.0
21579,0.0
21581,0.0
21594,0.0
21595,0.0
21604,0.0
21605,0.0
21606,0.0
21611,0.0
21614,0.0
21620,0.0
21622,0.0
21625,0.0
21626,0.0
21627,0.0
21629,0.0
21630,0.0
21635,0.0
21637,0.0
21654,0.0
21658,0.0
21671,0.0
21672,0.0
21673,0.0
21680,0.0
21685,0.0
21698,0.0
21705,0.0
21726,0.0
21727,0.0
21736,0.0
21740,0.0
21742,0.0
21745,0.0
21747,0.0
21755,0.0
21756,0.0
21757,0.0
21758,0.0
21760,0.0
21762,0.0
21769,0.0
21774,0.0
21780,0.0
21783,0.0
21785,0.0
21795,0.0
21802,0.0
21807,0.0
21809,0.0
21810,0.0
21815,0.0
21820,0.0
21821,0.0
21823,0.0
21824,0.0
21828,0.0
21831,0.0
21833,0.0
21835,0.0
21836,0.0
21843,0.0
21854,0.0
21856,0.0
21859,0.0
21866,0.0
21869,0.0
21879,0.0
21880,0.0
21882,0.0
21891,0.0
21895,0.0
21903,0.0
21904,0.0
21905,0.0
21909,0.0
21910,0.0
21912,0.0
21915,0.0
21916,0.0
21923,0.0
21925,0.0
21929,0.0
21930,0.0
21933,0.0
21934,0.0
21935,0.0
21940,0.0
21945,0.0
21948,0.0
21951,0.0
21953,0.0
21954,0.0
21955,0.0
21957,0.0
21959,0.0
21961,0.0
21962,0.0
21963,0.0
21966,0.0
21970,0.0
21972,0.0
21974,0.0
21975,0.0
21983,0.0
21987,0.0
21988,0.0
21993,0.0
21995,0.0
22007,0.0
22010,0.0
22017,0.0
22018,0.0
22025,0.0
22026,0.0
22028,0.0
22035,0.0
22037,0.0
22040,0.0
22045,0.0
22049,0.0
22052,0.0
22055,0.0
22057,0.0
22059,0.0
22065,0.0
22066,0.0
22069,0.0
22076,0.0
22077,0.0
22082,0.0
22083,0.0
22085,0.0
22090,0.0
22102,0.0
22106,0.0
22115,0.0
22116,0.0
22118,0.0
22121,0.0
22130,0.0
22132,0.0
22135,0.0
22141,0.0
22145,0.0
22149,0.0
22151,0.0
22163,0.0
22164,0.0
22165,0.0
22178,0.0
22182,0.0
22184,0.0
22186,0.0
22187,0.0
22190,0.0
22192,0.0
22194,0.0
22195,0.0
22198,0.0
22216,0.0
22225,0.0
22229,0.0
22231,0.0
22234,0.0
22249,0.0
22251,0.0
22252,0.0
22257,0.0
22262,0.0
22263,0.0
22268,0.0
22273,0.0
22274,0.0
22275,0.0
22286,0.0
22289,0.0
22292,0.0
22293,0.0
22295,0.0
22296,0.0
22297,0.0
22313,0.0
22317,0.0
22326,0.0
22329,0.0
22331,0.0
22343,0.0
22344,0.0
22345,0.0
22353,0.0
22356,0.0
22360,0.0
22362,0.0
22364,0.0
22365,0.0
22368,0.0
22372,0.0
22373,0.0
22375,0.0
22378,0.0
22391,0.0
22397,0.0
22401,0.0
22405,0.0
22411,0.0
22413,0.0
22417,0.0
22418,0.0
22420,0.0
22425,0.0
22426,0.0
22429,0.0
22446,0.0
22448,0.0
22449,0.0
22451,0.0
22452,0.0
22457,0.0
22459,0.0
22464,0.0
22466,0.0
22468,0.0
22469,0.0
22473,0.0
22495,0.0
22509,0.0
22513,0.0
22514,0.0
22516,0.0
22517,0.0
22524,0.0
22528,0.0
22529,0.0
22533,0.0
22536,0.0
22543,0.0
22547,0.0
22552,0.0
22556,0.0
22557,0.0
22558,0.0
22562,0.0
22565,0.0
22568,0.0
22577,0.0
22581,0.0
22582,0.0
22587,0.0
22589,0.0
22590,0.0
22595,0.0
22602,0.0
22603,0.0
22604,0.0
22605,0.0
22608,0.0
22612,0.0
22615,0.0
22619,0.0
22622,0.0
22623,0.0
22626,0.0
22631,0.0
22632,0.0
22636,0.0
22637,0.0
22642,0.0
22649,0.0
22653,0.0
22656,0.0
22661,0.0
22662,0.0
22663,0.0
22664,0.0
22667,0.0
22669,0.0
22670,0.0
22676,0.0
22693,0.0
22695,0.0
22697,0.0
22700,0.0
22704,0.0
22705,0.0
22707,0.0
22711,0.0
22715,0.0
22717,0.0
22720,0.0
22723,0.0
22726,0.0
22729,0.0
22735,0.0
22736,0.0
22744,0.0
22754,0.0
22756,0.0
22759,0.0
22768,0.0
22773,0.0
22774,0.0
22777,0.0
22778,0.0
22783,0.0
22785,0.0
22793,0.0
22794,0.0
22795,0.0
22798,0.0
22804,0.0
22805,0.0
22809,0.0
22816,0.0
22826,0.0
22828,0.0
22833,0.0
22835,0.0
22836,0.0
22841,0.0
22844,0.0
22845,0.0
22864,0.0
22868,0.0
22873,0.0
22875,0.0
22883,0.0
22884,0.0
22892,0.0
22893,0.0
22896,0.0
22901,0.0
22904,0.0
22912,0.0
22914,0.0
22915,0.0
22926,0.0
22928,0.0
22934,0.0
22936,0.0
22943,0.0
22944,0.0
22946,0.0
22948,0.0
22951,0.0
22954,0.0
22958,0.0
22959,0.0
22960,0.0
22973,0.0
22975,0.0
22979,0.0
22984,0.0
22986,0.0
22993,0.0
22996,0.0
23004,0.0
23010,0.0
23015,0.0
23018,0.0
23022,0.0
23032,0.0
23033,0.0
23037,0.0
23040,0.0
23042,0.0
23054,0.0
23056,0.0
23068,0.0
23071,0.0
23072,0.0
23075,0.0
23076,0.0
23077,0.0
23087,0.0
23092,0.0
23098,0.0
23103,0.0
23106,0.0
23112,0.0
23117,0.0
23118,0.0
23130,0.0
23132,0.0
23133,0.0
23134,0.0
23136,0.0
23138,0.0
23141,0.0
23144,0.0
23147,0.0
23158,0.0
23162,0.0
23164,0.0
23165,0.0
23166,0.0
23178,0.0
23179,0.0
23183,0.0
23187,0.0
23188,0.0
23190,0.0
23196,0.0
23199,0.0
23205,0.0
23206,0.0
23207,0.0
23224,0.0
23228,0.0
23231,0.0
23232,0.0
23234,0.0
23237,0.0
23239,0.0
23240,0.0
23241,0.0
23242,0.0
23244,0.0
23245,0.0
23249,0.0
23250,0.0
23253,0.0
23261,0.0
23263,0.0
23264,0.0
23267,0.0
23268,0.0
23270,0.0
23273,0.0
23274,0.0
23278,0.0
23281,0.0
23283,0.0
23284,0.0
23290,0.0
23292,0.0
23295,0.0
23300,0.0
23301,0.0
23303,0.0
23304,0.0
23311,0.0
23312,0.0
23320,0.0
23321,0.0
23323,0.0
23324,0.0
23327,0.0
23329,0.0
23330,0.0
23331,0.0
23333,0.0
23335,0.0
23337,0.0
23341,0.0
23346,0.0
23353,0.0
23354,0.0
23356,0.0
23361,0.0
23365,0.0
23371,0.0
23373,0.0
23379,0.0
23382,0.0
23384,0.0
23385,0.0
23386,0.0
23389,0.0
23400,0.0
23402,0.0
23409,0.0
23412,0.0
23414,0.0
23415,0.0
23417,0.0
23418,0.0
23430,0.0
23431,0.0
23434,0.0
23436,0.0
23448,0.0
23450,0.0
23454,0.0
23459,0.0
23461,0.0
23467,0.0
23471,0.0
23484,0.0
23489,0.0
23491,0.0
23492,0.0
23495,0.0
23497,0.0
23502,0.0
23503,0.0
23507,0.0
23511,0.0
23513,0.0
23514,0.0
23519,0.0
23520,0.0
23521,0.0
23523,0.0
23533,0.0
23536,0.0
23550,0.0
23552,0.0
23557,0.0
23568,0.0
23575,0.0
23578,0.0
23580,0.0
23581,0.0
23591,0.0
23592,0.0
23594,0.0
23607,0.0
23609,0.0
23630,0.0
23634,0.0
23636,0.0
23637,0.0
23653,0.0
23655,0.0
23656,0.0
23657,0.0
23663,0.0
23664,0.0
23665,0.0
23672,0.0
23676,0.0
23683,0.0
23687,0.0
23688,0.0
23692,0.0
23693,0.0
23698,0.0
23699,0.0
23701,0.0
23706,0.0
23709,0.0
23717,0.0
23720,0.0
23721,0.0
23725,0.0
23727,0.0
23730,0.0
23734,0.0
23739,0.0
23741,0.0
23752,0.0
23762,0.0
23765,0.0
23768,0.0
23776,0.0
23780,0.0
23787,0.0
23794,0.0
23799,0.0
23800,0.0
23802,0.0
23803,0.0
23804,0.0
23805,0.0
23807,0.0
23810,0.0
23812,0.0
23813,0.0
23818,0.0
23819,0.0
23823,0.0
23824,0.0
23833,0.0
23835,0.0
23839,0.0
23842,0.0
23844,0.0
23850,0.0
23857,0.0
23858,0.0
23865,0.0
23866,0.0
23871,0.0
23877,0.0
23878,0.0
23883,0.0
23884,0.0
23889,0.0
23890,0.0
23900,0.0
23906,0.0
23909,0.0
23913,0.0
23916,0.0
23922,0.0
23924,0.0
23926,0.0
23933,0.0
23939,0.0
23942,0.0
23951,0.0
23958,0.0
23960,0.0
23965,0.0
23969,0.0
23976,0.0
23985,0.0
23995,0.0
24006,0.0
24007,0.0
24011,0.0
24013,0.0
24014,0.0
24018,0.0
24020,0.0
24026,0.0
24027,0.0
24030,0.0
24037,0.0
24040,0.0
24066,0.0
24068,0.0
24074,0.0
24085,0.0
24090,0.0
24096,0.0
24104,0.0
24110,0.0
24116,0.0
24118,0.0
24120,0.0
24121,0.0
24122,0.0
24124,0.0
24135,0.0
24151,0.0
24156,0.0
24158,0.0
24165,0.0
24168,0.0
24178,0.0
24182,0.0
24186,0.0
24190,0.0
24204,0.0
24207,0.0
24208,0.0
24212,0.0
24216,0.0
24217,0.0
24221,0.0
24235,0.0
24252,0.0
24258,0.0
24267,0.0
24272,0.0
24275,0.0
24278,0.0
24279,0.0
24281,0.0
24285,0.0
24291,0.0
24292,0.0
24300,0.0
24303,0.0
24307,0.0
24309,0.0
24314,0.0
24318,0.0
24321,0.0
24330,0.0
24337,0.0
24340,0.0
24350,0.0
24351,0.0
24354,0.0
24358,0.0
24360,0.0
24361,0.0
24364,0.0
24366,0.0
24367,0.0
24372,0.0
24375,0.0
24377,0.0
24387,0.0
24389,0.0
24391,0.0
24396,0.0
24401,0.0
24405,0.0
24412,0.0
24420,0.0
24424,0.0
24428,0.0
24431,0.0
24438,0.0
24451,0.0
24457,0.0
24463,0.0
24465,0.0
24467,0.0
24473,0.0
24475,0.0
24480,0.0
24491,0.0
24495,0.0
24497,0.0
24500,0.0
24506,0.0
24510,0.0
24515,0.0
24517,0.0
24518,0.0
24520,0.0
24522,0.0
24524,0.0
24525,0.0
24527,0.0
24528,0.0
24535,0.0
24537,0.0
24545,0.0
24554,0.0
24563,0.0
24566,0.0
24570,0.0
24571,0.0
24572,0.0
24577,0.0
24579,0.0
24582,0.0
24583,0.0
24584,0.0
24588,0.0
24592,0.0
24605,0.0
24614,0.0
24618,0.0
24622,0.0
24625,0.0
24627,0.0
24630,0.0
24638,0.0
24639,0.0
24641,0.0
24644,0.0
24658,0.0
24677,0.0
24681,0.0
24683,0.0
24688,0.0
24690,0.0
24691,0.0
24694,0.0
24698,0.0
24702,0.0
24703,0.0
24709,0.0
24710,0.0
24711,0.0
24712,0.0
24714,0.0
24717,0.0
24728,0.0
24736,0.0
24751,0.0
24756,0.0
24760,0.0
24768,0.0
24783,0.0
24793,0.0
24800,0.0
24803,0.0
24813,0.0
24820,0.0
24821,0.0
24829,0.0
24832,0.0
24835,0.0
24837,0.0
24842,0.0
24847,0.0
24850,0.0
24852,0.0
24853,0.0
24856,0.0
24862,0.0
24864,0.0
24866,0.0
24868,0.0
24869,0.0
24873,0.0
24877,0.0
24881,0.0
24883,0.0
24888,0.0
24891,0.0
24893,0.0
24894,0.0
24903,0.0
24905,0.0
24916,0.0
24917,0.0
24918,0.0
24921,0.0
24925,0.0
24929,0.0
24931,0.0
24932,0.0
24933,0.0
24935,0.0
24936,0.0
24937,0.0
24942,0.0
24943,0.0
24951,0.0
24953,0.0
24955,0.0
24959,0.0
24960,0.0
24963,0.0
24964,0.0
24966,0.0
24971,0.0
24977,0.0
24992,0.0
24994,0.0
24999,0.0
25005,0.0
25012,0.0
25014,0.0
25016,0.0
25018,0.0
25023,0.0
25024,0.0
25026,0.0
25027,0.0
25030,0.0
25039,0.0
25042,0.0
25054,0.0
25057,0.0
25060,0.0
25065,0.0
25070,0.0
25075,0.0
25077,0.0
25079,0.0
25082,0.0
25087,0.0
25088,0.0
25089,0.0
25098,0.0
25100,0.0
25102,0.0
25107,0.0
25110,0.0
25111,0.0
25114,0.0
25115,0.0
25116,0.0
25126,0.0
25127,0.0
25137,0.0
25140,0.0
25141,0.0
25143,0.0
25149,0.0
25150,0.0
25154,0.0
25155,0.0
25156,0.0
25162,0.0
25163,0.0
25167,0.0
25170,0.0
25171,0.0
25174,0.0
25175,0.0
25180,0.0
25185,0.0
25187,0.0
25194,0.0
25198,0.0
25203,0.0
25204,0.0
25205,0.0
25206,0.0
25215,0.0
25216,0.0
25220,0.0
25224,0.0
25225,0.0
25231,0.0
25232,0.0
25241,0.0
25258,0.0
25260,0.0
25266,0.0
25267,0.0
25268,0.0
25271,0.0
25275,0.0
25280,0.0
25281,0.0
25284,0.0
25287,0.0
25289,0.0
25306,0.0
25309,0.0
25311,0.0
25312,0.0
25317,0.0
25322,0.0
25328,0.0
25329,0.0
25330,0.0
25340,0.0
25341,0.0
25345,0.0
25348,0.0
25356,0.0
25361,0.0
25362,0.0
25369,0.0
25372,0.0
25375,0.0
25378,0.0
25379,0.0
25385,0.0
25396,0.0
25400,0.0
25401,0.0
25402,0.0
25407,0.0
25408,0.0
25411,0.0
25416,0.0
25424,0.0
25428,0.0
25429,0.0
25430,0.0
25435,0.0
25437,0.0
25442,0.0
25445,0.0
25448,0.0
25452,0.0
25454,0.0
25462,0.0
25468,0.0
25469,0.0
25474,0.0
25477,0.0
25479,0.0
25485,0.0
25487,0.0
25495,0.0
25503,0.0
25508,0.0
25510,0.0
25511,0.0
25516,0.0
25526,0.0
25532,0.0
25533,0.0
25539,0.0
25542,0.0
25543,0.0
25544,0.0
25547,0.0
25554,0.0
25556,0.0
25563,0.0
25564,0.0
25565,0.0
25568,0.0
25574,0.0
25575,0.0
25580,0.0
25581,0.0
25583,0.0
25584,0.0
25585,0.0
25586,0.0
25590,0.0
25593,0.0
25595,0.0
25597,0.0
25605,0.0
25606,0.0
25610,0.0
25615,0.0
25617,0.0
25626,0.0
25627,0.0
25630,0.0
25632,0.0
25633,0.0
25635,0.0
25641,0.0
25643,0.0
25644,0.0
25647,0.0
25653,0.0
25655,0.0
25658,0.0
25664,0.0
25666,0.0
25682,0.0
25684,0.0
25686,0.0
25692,0.0
25694,0.0
25707,0.0
25725,0.0
25727,0.0
25728,0.0
25736,0.0
25738,0.0
25743,0.0
25745,0.0
25747,0.0
25754,0.0
25755,0.0
25758,0.0
25766,0.0
25767,0.0
25770,0.0
25771,0.0
25772,0.0
25773,0.0
25779,0.0
25784,0.0
25788,0.0
25795,0.0
25797,0.0
25798,0.0
25802,0.0
25804,0.0
25806,0.0
25808,0.0
25812,0.0
25819,0.0
25829,0.0
25830,0.0
25831,0.0
25841,0.0
25855,0.0
25859,0.0
25860,0.0
25872,0.0
25879,0.0
25881,0.0
25882,0.0
25883,0.0
25885,0.0
25892,0.0
25898,0.0
25913,0.0
25916,0.0
25920,0.0
25924,0.0
25929,0.0
25931,0.0
25938,0.0
25942,0.0
25948,0.0
25952,0.0
25954,0.0
25958,0.0
25975,0.0
25981,0.0
25984,0.0
25987,0.0
25989,0.0
25990,0.0
25991,0.0
25993,0.0
25996,0.0
25997,0.0
26000,0.0
26003,0.0
26010,0.0
26013,0.0
26014,0.0
26034,0.0
26037,0.0
26038,0.0
26043,0.0
26052,0.0
26053,0.0
26055,0.0
26057,0.0
26059,0.0
26062,0.0
26066,0.0
26067,0.0
26068,0.0
26077,0.0
26079,0.0
26086,0.0
26105,0.0
26106,0.0
26110,0.0
26113,0.0
26119,0.0
26125,0.0
26128,0.0
26129,0.0
26131,0.0
26147,0.0
26149,0.0
26150,0.0
26153,0.0
26166,0.0
26168,0.0
26172,0.0
26173,0.0
26177,0.0
26185,0.0
26194,0.0
26208,0.0
26210,0.0
26212,0.0
26214,0.0
26218,0.0
26224,0.0
26229,0.0
26232,0.0
26243,0.0
26246,0.0
26250,0.0
26253,0.0
26256,0.0
26260,0.0
26261,0.0
26267,0.0
26273,0.0
26274,0.0
26275,0.0
26296,0.0
26297,0.0
26302,0.0
26304,0.0
26308,0.0
26309,0.0
26310,0.0
26311,0.0
26317,0.0
26322,0.0
26329,0.0
26334,0.0
26336,0.0
26340,0.0
26341,0.0
26346,0.0
26347,0.0
26350,0.0
26353,0.0
26359,0.0
26360,0.0
26370,0.0
26378,0.0
26389,0.0
26395,0.0
26405,0.0
26406,0.0
26414,0.0
26417,0.0
26428,0.0
26429,0.0
26438,0.0
26440,0.0
26444,0.0
26449,0.0
26461,0.0
26465,0.0
26466,0.0
26469,0.0
26470,0.0
26473,0.0
26479,0.0
26481,0.0
26483,0.0
26484,0.0
26491,0.0
26497,0.0
26500,0.0
26502,0.0
26506,0.0
26515,0.0
26517,0.0
26518,0.0
26521,0.0
26524,0.0
26533,0.0
26535,0.0
26543,0.0
26549,0.0
26553,0.0
26555,0.0
26558,0.0
26559,0.0
26562,0.0
26563,0.0
26565,0.0
26568,0.0
26576,0.0
26580,0.0
26581,0.0
26590,0.0
26596,0.0
26599,0.0
26602,0.0
26603,0.0
26604,0.0
26606,0.0
26607,0.0
26611,0.0
26614,0.0
26621,0.0
26622,0.0
26623,0.0
26631,0.0
26633,0.0
26640,0.0
26643,0.0
26647,0.0
26655,0.0
26656,0.0
26658,0.0
26659,0.0
26665,0.0
26667,0.0
26668,0.0
26674,0.0
26677,0.0
26685,0.0
26688,0.0
26690,0.0
26691,0.0
26692,0.0
26693,0.0
26694,0.0
26695,0.0
26699,0.0
26703,0.0
26710,0.0
26712,0.0
26722,0.0
26725,0.0
26727,0.0
26729,0.0
26732,0.0
26733,0.0
26735,0.0
26738,0.0
26746,0.0
26747,0.0
26748,0.0
26750,0.0
26756,0.0
26758,0.0
26759,0.0
26764,0.0
26766,0.0
26771,0.0
26773,0.0
26777,0.0
26778,0.0
26783,0.0
26786,0.0
26789,0.0
26790,0.0
26799,0.0
26800,0.0
26809,0.0
26814,0.0
26820,0.0
26827,0.0
26831,0.0
26835,0.0
26838,0.0
26839,0.0
26841,0.0
26856,0.0
26859,0.0
26861,0.0
26864,0.0
26871,0.0
26872,0.0
26873,0.0
26876,0.0
26878,0.0
26887,0.0
26890,0.0
26891,0.0
26895,0.0
26903,0.0
26911,0.0
26924,0.0
26926,0.0
26928,0.0
26929,0.0
26931,0.0
26937,0.0
26940,0.0
26943,0.0
26946,0.0
26948,0.0
26950,0.0
26951,0.0
26952,0.0
26955,0.0
26957,0.0
26964,0.0
26969,0.0
26970,0.0
26971,0.0
26974,0.0
26982,0.0
26983,0.0
26984,0.0
26988,0.0
26991,0.0
27002,0.0
27017,0.0
27019,0.0
27024,0.0
27026,0.0
27027,0.0
27028,0.0
27034,0.0
27039,0.0
27049,0.0
27054,0.0
27069,0.0
27072,0.0
27073,0.0
27080,0.0
27083,0.0
27084,0.0
27085,0.0
27088,0.0
27089,0.0
27091,0.0
27098,0.0
27101,0.0
27108,0.0
27111,0.0
27112,0.0
27122,0.0
27137,0.0
27141,0.0
27143,0.0
27147,0.0
27149,0.0
27155,0.0
27159,0.0
27165,0.0
27166,0.0
27173,0.0
27174,0.0
27175,0.0
27178,0.0
27180,0.0
27184,0.0
27187,0.0
27188,0.0
27189,0.0
27194,0.0
27197,0.0
27200,0.0
27203,0.0
27204,0.0
27211,0.0
27219,0.0
27225,0.0
27226,0.0
27227,0.0
27231,0.0
27234,0.0
27237,0.0
27238,0.0
27243,0.0
27250,0.0
27251,0.0
27259,0.0
27260,0.0
27268,0.0
27273,0.0
27274,0.0
27275,0.0
27280,0.0
27288,0.0
27289,0.0
27291,0.0
27296,0.0
27297,0.0
27303,0.0
27307,0.0
27312,0.0
27314,0.0
27316,0.0
27322,0.0
27323,0.0
27325,0.0
27327,0.0
27328,0.0
27331,0.0
27334,0.0
27337,0.0
27338,0.0
27346,0.0
27347,0.0
27354,0.0
27361,0.0
27365,0.0
27367,0.0
27372,0.0
27385,0.0
27387,0.0
27388,0.0
27389,0.0
27391,0.0
27398,0.0
27405,0.0
27406,0.0
27407,0.0
27410,0.0
27411,0.0
27414,0.0
27417,0.0
27421,0.0
27424,0.0
27428,0.0
27436,0.0
27437,0.0
27438,0.0
27449,0.0
27453,0.0
27456,0.0
27462,0.0
27463,0.0
27470,0.0
27471,0.0
27472,0.0
27473,0.0
27476,0.0
27482,0.0
27483,0.0
27491,0.0
27492,0.0
27496,0.0
27499,0.0
27517,0.0
27520,0.0
27524,0.0
27529,0.0
27534,0.0
27551,0.0
27556,0.0
27559,0.0
27560,0.0
27562,0.0
27563,0.0
27566,0.0
27569,0.0
27575,0.0
27579,0.0
27584,0.0
27585,0.0
27586,0.0
27587,0.0
27589,0.0
27590,0.0
27591,0.0
27597,0.0
27601,0.0
27602,0.0
27605,0.0
27606,0.0
27608,0.0
27617,0.0
27619,0.0
27622,0.0
27623,0.0
27626,0.0
27637,0.0
27641,0.0
27643,0.0
27645,0.0
27647,0.0
27652,0.0
27656,0.0
27664,0.0
27667,0.0
27671,0.0
27672,0.0
27683,0.0
27685,0.0
27696,0.0
27699,0.0
27700,0.0
27705,0.0
27708,0.0
27709,0.0
27711,0.0
27726,0.0
27737,0.0
27739,0.0
27743,0.0
27753,0.0
27755,0.0
27756,0.0
27757,0.0
27760,0.0
27766,0.0
27769,0.0
27774,0.0
27775,0.0
27779,0.0
27780,0.0
27782,0.0
27784,0.0
27785,0.0
27787,0.0
27788,0.0
27789,0.0
27791,0.0
27796,0.0
27799,0.0
27801,0.0
27802,0.0
27811,0.0
27815,0.0
27831,0.0
27832,0.0
27835,0.0
27838,0.0
27839,0.0
27845,0.0
27850,0.0
27851,0.0
27853,0.0
27857,0.0
27858,0.0
27859,0.0
27866,0.0
27869,0.0
27870,0.0
27874,0.0
27875,0.0
27883,0.0
27889,0.0
27900,0.0
27904,0.0
27908,0.0
27912,0.0
27913,0.0
27914,0.0
27916,0.0
27921,0.0
27932,0.0
27933,0.0
27934,0.0
27939,0.0
27941,0.0
27942,0.0
27945,0.0
27948,0.0
27950,0.0
27952,0.0
27953,0.0
27955,0.0
27964,0.0
27965,0.0
27966,0.0
27969,0.0
27973,0.0
27975,0.0
27983,0.0
27984,0.0
27985,0.0
27996,0.0
28002,0.0
28004,0.0
28007,0.0
28011,0.0
28018,0.0
28019,0.0
28020,0.0
28022,0.0
28024,0.0
28033,0.0
28040,0.0
28046,0.0
28047,0.0
28059,0.0
28061,0.0
28062,0.0
28063,0.0
28065,0.0
28072,0.0
28073,0.0
28077,0.0
28079,0.0
28084,0.0
28085,0.0
28089,0.0
28094,0.0
28098,0.0
28102,0.0
28114,0.0
28119,0.0
28121,0.0
28124,0.0
28128,0.0
28129,0.0
28131,0.0
28133,0.0
28134,0.0
28136,0.0
28139,0.0
28144,0.0
28152,0.0
28157,0.0
28159,0.0
28161,0.0
28167,0.0
28168,0.0
28171,0.0
28175,0.0
28176,0.0
28180,0.0
28182,0.0
28186,0.0
28187,0.0
28188,0.0
28189,0.0
28194,0.0
28195,0.0
28204,0.0
28211,0.0
28219,0.0
28223,0.0
28232,0.0
28233,0.0
28235,0.0
28236,0.0
28240,0.0
28242,0.0
28243,0.0
28244,0.0
28255,0.0
28257,0.0
28262,0.0
28267,0.0
28273,0.0
28277,0.0
28281,0.0
28284,0.0
28285,0.0
28294,0.0
28302,0.0
28304,0.0
28308,0.0
28312,0.0
28314,0.0
28315,0.0
28319,0.0
28323,0.0
28325,0.0
28326,0.0
28329,0.0
28335,0.0
28337,0.0
28348,0.0
28351,1.0
28352,0.0
28353,0.0
28360,0.0
28367,0.0
28372,0.0
28378,0.0
28391,0.0
28392,0.0
28394,0.0
28398,0.0
28401,0.0
28408,0.0
28409,0.0
28410,0.0
28413,0.0
28415,0.0
28421,0.0
28430,0.0
28437,0.0
28448,0.0
28450,0.0
28459,0.0
28464,0.0
28466,0.0
28471,0.0
28476,0.0
28490,0.0
28493,0.0
28495,0.0
28501,0.0
28506,0.0
28508,0.0
28511,0.0
28514,0.0
28516,0.0
28525,0.0
28526,0.0
28528,0.0
28535,0.0
28544,0.0
28549,0.0
28557,0.0
28559,0.0
28565,0.0
28571,0.0
28572,0.0
28573,0.0
28574,0.0
28580,0.0
28588,0.0
28595,0.0
28597,0.0
28605,0.0
28607,0.0
28609,0.0
28612,0.0
28617,0.0
28621,0.0
28624,0.0
28626,0.0
28628,0.0
28629,0.0
28632,0.0
28633,0.0
28637,0.0
28640,0.0
28643,0.0
28648,0.0
28670,0.0
28682,0.0
28689,0.0
28691,0.0
28696,0.0
28703,0.0
28713,0.0
28715,0.0
28716,0.0
28719,0.0
28720,0.0
28726,0.0
28734,0.0
28737,0.0
28739,0.0
28744,0.0
28746,0.0
28750,0.0
28756,0.0
28759,0.0
28760,0.0
28767,0.0
28768,0.0
28771,0.0
28772,0.0
28773,0.0
28781,0.0
28783,0.0
28784,0.0
28791,0.0
28793,0.0
28800,0.0
28801,0.0
28807,0.0
28810,0.0
28812,0.0
28817,0.0
28825,0.0
28830,0.0
28836,0.0
28838,0.0
28843,0.0
28844,0.0
28855,0.0
28865,0.0
28872,0.0
28875,0.0
28876,0.0
28881,0.0
28883,0.0
28889,0.0
28892,0.0
28894,0.0
28902,0.0
28930,0.0
28934,0.0
28935,0.0
28936,0.0
28942,0.0
28948,0.0
28952,0.0
28953,0.0
28955,0.0
28964,0.0
28965,0.0
28968,0.0
28970,0.0
28981,0.0
29002,0.0
29006,0.0
29008,0.0
29011,0.0
29018,0.0
29020,0.0
29025,0.0
29027,0.0
29029,0.0
29030,0.0
29038,0.0
29041,0.0
29043,0.0
29044,0.0
29047,0.0
29048,0.0
29055,0.0
29061,0.0
29062,0.0
29067,0.0
29080,0.0
29082,0.0
29089,0.0
29097,0.0
29099,0.0
29100,0.0
29102,0.0
29103,0.0
29105,0.0
29106,0.0
29112,0.0
29118,0.0
29123,0.0
29124,0.0
29126,0.0
29129,0.0
29131,0.0
29134,0.0
29136,0.0
29137,0.0
29142,0.0
29144,0.0
29147,0.0
29152,0.0
29155,0.0
29157,0.0
29158,0.0
29167,0.0
29175,0.0
29177,0.0
29179,0.0
29181,0.0
29184,0.0
29185,0.0
29187,0.0
29192,0.0
29195,0.0
29196,0.0
29197,0.0
29200,0.0
29202,0.0
29209,0.0
29210,0.0
29214,0.0
29216,0.0
29218,0.0
29220,0.0
29226,0.0
29228,0.0
29229,0.0
29230,0.0
29232,0.0
29234,0.0
29235,0.0
29252,0.0
29253,0.0
29260,0.0
29263,0.0
29265,0.0
29270,0.0
29272,0.0
29274,0.0
29277,0.0
29278,0.0
29286,0.0
29287,0.0
29290,0.0
29296,0.0
29298,0.0
29300,0.0
29305,0.0
29313,0.0
29315,0.0
29317,0.0
29325,0.0
29336,0.0
29337,0.0
29339,0.0
29340,0.0
29351,0.0
29359,0.0
29361,0.0
29371,0.0
29385,0.0
29391,0.0
29392,0.0
29404,0.0
29407,0.0
29408,0.0
29411,0.0
29413,0.0
29417,0.0
29422,0.0
29426,0.0
29460,0.0
29464,0.0
29466,0.0
29468,0.0
29475,0.0
29477,0.0
29482,0.0
29485,0.0
29495,0.0
29498,0.0
29502,0.0
29504,0.0
29510,0.0
29516,0.0
29518,0.0
29523,0.0
29529,0.0
29530,0.0
29531,0.0
29537,0.0
29541,0.0
29545,0.0
29547,0.0
29551,0.0
29557,0.0
29558,0.0
29564,0.0
29567,0.0
29569,0.0
29575,0.0
29583,0.0
29585,0.0
29591,0.0
29595,0.0
29597,0.0
29605,0.0
29607,0.0
29612,0.0
29613,0.0
29620,0.0
29630,0.0
29631,0.0
29633,0.0
29635,0.0
29639,0.0
29640,0.0
29648,0.0
29651,0.0
29653,0.0
29658,0.0
29660,0.0
29665,0.0
29666,0.0
29674,0.0
29676,0.0
29678,0.0
29680,0.0
29682,0.0
29684,0.0
29694,0.0
29695,0.0
29696,0.0
29702,0.0
29705,0.0
29706,0.0
29712,0.0
29719,0.0
29727,0.0
29736,0.0
29739,0.0
29741,0.0
29744,0.0
29750,0.0
29758,0.0
29760,0.0
29761,0.0
29770,0.0
29772,0.0
29778,0.0
29779,0.0
29784,0.0
29797,0.0
29798,0.0
29801,0.0
29802,0.0
29816,0.0
29818,0.0
29819,0.0
29822,0.0
29830,0.0
29831,0.0
29840,0.0
29841,0.0
29849,0.0
29850,0.0
29856,0.0
29858,0.0
29861,0.0
29864,0.0
29865,0.0
29866,0.0
29871,0.0
29873,0.0
29876,0.0
29881,0.0
29882,0.0
29888,0.0
29891,0.0
29900,0.0
29901,0.0
29905,0.0
29906,0.0
29907,0.0
29908,0.0
29915,0.0
29916,0.0
29918,0.0
29919,0.0
29932,0.0
29935,0.0
29937,0.0
29945,0.0
29952,0.0
29954,0.0
29956,0.0
29961,0.0
29965,0.0
29966,0.0
29969,0.0
29970,0.0
29971,0.0
29982,0.0
29984,0.0
29985,0.0
29987,0.0
29991,0.0
29992,0.0
29998,0.0
30000,0.0
30001,0.0
30009,0.0
30010,0.0
30015,0.0
30020,0.0
30022,0.0
30025,0.0
30026,0.0
30028,0.0
30030,0.0
30033,0.0
30040,0.0
30056,0.0
30062,0.0
30063,0.0
30080,0.0
30082,0.0
30097,0.0
30099,0.0
30107,0.0
30118,0.0
30122,0.0
30129,0.0
30130,0.0
30133,0.0
30138,0.0
30144,0.0
30145,0.0
30150,0.0
30151,0.0
30156,0.0
30157,0.0
30159,0.0
30164,0.0
30175,0.0
30178,0.0
30179,0.0
30180,0.0
30181,0.0
30185,0.0
30186,0.0
30191,0.0
30194,0.0
30200,0.0
30207,0.0
30216,0.0
30227,0.0
30228,0.0
30234,0.0
30238,0.0
30246,0.0
30247,0.0
30256,0.0
30259,0.0
30265,0.0
30268,0.0
30270,0.0
30271,0.0
30281,0.0
30282,0.0
30292,0.0
30295,0.0
30296,0.0
30298,0.0
30305,0.0
30308,0.0
30312,0.0
30314,0.0
30321,0.0
30322,0.0
30324,0.0
30327,0.0
30331,0.0
30335,0.0
30349,0.0
30352,0.0
30353,0.0
30355,0.0
30358,0.0
30365,0.0
30368,0.0
30369,0.0
30373,0.0
30374,0.0
30376,0.0
30378,0.0
30383,0.0
30386,0.0
30387,0.0
30389,0.0
30392,0.0
30394,0.0
30396,0.0
30399,0.0
30400,0.0
30401,0.0
30404,0.0
30415,0.0
30416,0.0
30418,0.0
30424,0.0
30442,0.0
30445,0.0
30448,0.0
30449,0.0
30454,0.0
30456,0.0
30462,0.0
30468,0.0
30469,0.0
30470,0.0
30476,0.0
30482,0.0
30484,0.0
30492,0.0
30502,0.0
30505,0.0
30508,0.0
30514,0.0
30516,0.0
30519,0.0
30530,0.0
30537,0.0
30548,0.0
30561,0.0
30562,0.0
30566,0.0
30577,0.0
30579,0.0
30580,0.0
30583,0.0
30589,0.0
30594,0.0
30602,0.0
30604,0.0
30609,0.0
30612,0.0
30614,0.0
30615,0.0
30617,0.0
30618,0.0
30620,0.0
30643,0.0
30645,0.0
30647,0.0
30648,0.0
30650,0.0
30659,0.0
30662,0.0
30663,0.0
30668,0.0
30671,0.0
30673,0.0
30676,0.0
30679,0.0
30692,0.0
30701,0.0
30714,0.0
30717,0.0
30725,0.0
30728,0.0
30733,0.0
30749,0.0
30750,0.0
30752,0.0
30757,0.0
30759,0.0
30760,0.0
30761,0.0
30765,0.0
30766,0.0
30769,0.0
30772,0.0
30775,0.0
30777,0.0
30779,0.0
30780,0.0
30781,0.0
30782,0.0
30783,0.0
30786,0.0
30787,0.0
30788,0.0
30793,0.0
30801,0.0
30802,0.0
30807,0.0
30810,0.0
30813,0.0
30814,0.0
30818,0.0
30829,0.0
30847,0.0
30848,0.0
30849,0.0
30853,0.0
30857,0.0
30861,0.0
30862,0.0
30864,0.0
30866,0.0
30867,0.0
30870,0.0
30873,0.0
30877,0.0
30881,0.0
30887,0.0
30890,0.0
30891,0.0
30897,0.0
30901,0.0
30907,0.0
30912,0.0
30916,0.0
30919,0.0
30920,0.0
30928,0.0
30929,0.0
30933,0.0
30934,0.0
30936,0.0
30942,0.0
30950,0.0
30955,0.0
30976,0.0
30988,0.0
30991,0.0
30992,0.0
31001,0.0
31007,0.0
31009,0.0
31010,0.0
31011,0.0
31013,0.0
31014,0.0
31032,0.0
31036,0.0
31037,0.0
31040,0.0
31044,0.0
31053,0.0
31054,0.0
31056,0.0
31064,0.0
31069,0.0
31070,0.0
31076,0.0
31078,0.0
31084,0.0
31089,0.0
31096,0.0
31100,0.0
31104,0.0
31106,0.0
31111,0.0
31113,0.0
31122,0.0
31127,0.0
31132,0.0
31141,0.0
31142,0.0
31145,0.0
31151,0.0
31160,0.0
31163,0.0
31165,0.0
31167,0.0
31171,0.0
31188,0.0
31191,0.0
31193,0.0
31195,0.0
31197,0.0
31199,0.0
31202,0.0
31207,0.0
31209,0.0
31211,0.0
31212,0.0
31213,0.0
31216,0.0
31221,0.0
31222,0.0
31225,0.0
31233,0.0
31234,0.0
31240,0.0
31245,0.0
31246,0.0
31251,0.0
31252,0.0
31255,0.0
31256,0.0
31265,0.0
31266,0.0
31271,0.0
31275,0.0
31277,0.0
31288,0.0
31289,0.0
31290,0.0
31297,0.0
31303,0.0
31304,0.0
31310,0.0
31317,0.0
31322,0.0
31324,0.0
31325,0.0
31326,0.0
31327,0.0
31339,0.0
31341,0.0
31342,0.0
31360,0.0
31361,0.0
31362,0.0
31363,0.0
31369,0.0
31376,0.0
31377,0.0
31386,0.0
31390,0.0
31391,0.0
31393,0.0
31397,0.0
31400,0.0
31403,0.0
31406,0.0
31407,0.0
31413,0.0
31416,0.0
31419,0.0
31420,0.0
31423,0.0
31434,0.0
31439,0.0
31440,0.0
31454,0.0
31455,0.0
31459,0.0
31460,0.0
31463,0.0
31465,0.0
31468,0.0
31469,0.0
31470,0.0
31471,0.0
31473,0.0
31477,0.0
31480,0.0
31482,0.0
31484,0.0
31485,0.0
31488,0.0
31491,0.0
31498,0.0
31501,0.0
31507,0.0
31508,0.0
31509,0.0
31510,0.0
31511,0.0
31515,0.0
31517,0.0
31522,0.0
31524,0.0
31525,0.0
31535,0.0
31544,0.0
31555,0.0
31560,0.0
31566,0.0
31568,0.0
31574,0.0
31575,0.0
31585,0.0
31590,0.0
31595,0.0
31598,0.0
31605,0.0
31608,0.0
31612,0.0
31615,0.0
31617,0.0
31619,0.0
31621,0.0
31622,0.0
31627,0.0
31634,0.0
31635,0.0
31636,0.0
31640,0.0
31642,0.0
31648,0.0
31654,0.0
31656,0.0
31658,0.0
31663,0.0
31664,0.0
31666,0.0
31671,0.0
31672,0.0
31675,0.0
31678,0.0
31682,0.0
31686,0.0
31690,0.0
31693,0.0
31700,0.0
31701,0.0
31702,0.0
31707,0.0
31709,0.0
31712,0.0
31713,0.0
31714,0.0
31716,0.0
31728,0.0
31734,0.0
31739,0.0
31742,0.0
31748,0.0
31754,0.0
31756,0.0
31763,0.0
31765,0.0
31777,0.0
31784,0.0
31785,0.0
31793,0.0
31794,0.0
31796,0.0
31800,0.0
31803,0.0
31804,0.0
31808,0.0
31814,0.0
31815,0.0
31819,0.0
31824,0.0
31825,0.0
31827,0.0
31829,0.0
31839,0.0
31843,0.0
31861,0.0
31864,0.0
31866,0.0
31868,0.0
31877,0.0
31880,0.0
31885,0.0
31889,0.0
31890,0.0
31892,0.0
31894,0.0
31901,0.0
31903,0.0
31909,0.0
31911,0.0
31923,0.0
31926,0.0
31931,0.0
31934,0.0
31935,0.0
31939,0.0
31941,0.0
31942,0.0
31945,0.0
31949,0.0
31956,0.0
31958,0.0
31961,0.0
31966,0.0
31973,0.0
31974,0.0
31979,0.0
31980,0.0
31981,0.0
31982,0.0
31983,0.0
31987,0.0
31988,0.0
31991,0.0
31992,0.0
31993,0.0
31994,0.0
31997,0.0
32003,0.0
32004,0.0
32007,0.0
32011,0.0
32012,0.0
32016,0.0
32017,0.0
32026,0.0
32028,0.0
32029,0.0
32031,0.0
32037,0.0
32040,0.0
32043,0.0
32062,0.0
32065,0.0
32071,0.0
32072,0.0
32073,0.0
32074,0.0
32075,0.0
32079,0.0
32080,0.0
32084,0.0
32090,0.0
32101,0.0
32104,0.0
32111,0.0
32112,0.0
32118,0.0
32119,0.0
32121,0.0
32132,0.0
32136,0.0
32137,0.0
32139,0.0
32140,0.0
32143,0.0
32150,0.0
32151,0.0
32155,0.0
32161,0.0
32165,0.0
32169,0.0
32183,0.0
32188,0.0
32194,0.0
32196,0.0
32197,0.0
32198,0.0
32199,0.0
32200,0.0
32201,0.0
32203,0.0
32208,0.0
32210,0.0
32216,0.0
32217,0.0
32219,0.0
32222,0.0
32225,0.0
32229,0.0
32231,0.0
32232,0.0
32240,0.0
32243,0.0
32254,0.0
32255,0.0
32257,0.0
32261,0.0
32263,0.0
32266,0.0
32267,0.0
32268,0.0
32275,0.0
32278,0.0
32281,0.0
32282,0.0
32287,0.0
32289,0.0
32291,0.0
32294,0.0
32304,0.0
32307,0.0
32312,0.0
32313,0.0
32318,0.0
32321,0.0
32327,0.0
32328,0.0
32336,0.0
32337,0.0
32341,0.0
32344,0.0
32356,0.0
32361,0.0
32363,0.0
32365,0.0
32373,0.0
32386,0.0
32389,0.0
32392,0.0
32398,0.0
32402,0.0
32414,0.0
32426,0.0
32436,0.0
32439,0.0
32440,0.0
32444,0.0
32445,0.0
32455,0.0
32457,0.0
32458,0.0
32463,0.0
32465,0.0
32466,0.0
32468,0.0
32475,0.0
32476,0.0
32485,0.0
32489,0.0
32498,0.0
32504,0.0
32507,0.0
32511,0.0
32516,0.0
32517,0.0
32520,0.0
32521,0.0
32523,0.0
32526,0.0
32528,0.0
32534,0.0
32540,0.0
32542,0.0
32546,0.0
32552,0.0
32558,0.0
32563,0.0
32567,0.0
32573,0.0
32574,0.0
32576,0.0
32577,0.0
32582,0.0
32583,0.0
32589,0.0
32590,0.0
32591,0.0
32592,0.0
32593,0.0
32594,0.0
32597,0.0
32599,0.0
32606,0.0
32609,0.0
32610,0.0
32612,0.0
32618,0.0
32619,0.0
32620,0.0
32622,0.0
32623,0.0
32624,0.0
32625,0.0
32626,0.0
32627,0.0
32629,0.0
32637,0.0
32644,0.0
32647,0.0
32648,0.0
32656,0.0
32659,0.0
32660,0.0
32665,0.0
32666,0.0
32671,0.0
32674,0.0
32681,0.0
32684,0.0
32685,0.0
32689,0.0
32694,0.0
32697,0.0
32712,0.0
32719,0.0
32721,0.0
32723,0.0
32728,0.0
32731,0.0
32732,0.0
32735,0.0
32737,0.0
32738,0.0
32743,0.0
32748,0.0
32751,0.0
32755,0.0
32758,0.0
32761,0.0
32762,0.0
32784,0.0
32787,0.0
32788,0.0
32794,0.0
32796,0.0
32798,0.0
32803,0.0
32809,0.0
32810,0.0
32812,0.0
32813,0.0
32816,0.0
32820,0.0
32823,0.0
32824,0.0
32832,0.0
32837,0.0
32844,0.0
32846,0.0
32850,0.0
32851,0.0
32852,0.0
32855,0.0
32866,0.0
32871,0.0
32874,0.0
32880,0.0
32888,0.0
32898,0.0
32899,0.0
32901,0.0
32904,0.0
32911,0.0
32912,0.0
32921,0.0
32923,0.0
32928,0.0
32933,0.0
32936,0.0
32944,0.0
32950,0.0
32951,0.0
32952,0.0
32955,0.0
32960,0.0
32961,0.0
32969,0.0
32973,0.0
32975,0.0
32978,0.0
32981,0.0
32982,0.0
32984,0.0
32988,0.0
32995,0.0
33001,0.0
33004,0.0
33023,0.0
33024,0.0
33032,0.0
33036,0.0
33042,0.0
33048,0.0
33053,0.0
33054,0.0
33062,0.0
33063,0.0
33064,0.0
33065,0.0
33066,0.0
33074,0.0
33083,0.0
33085,0.0
33095,0.0
33097,0.0
33104,0.0
33107,0.0
33112,0.0
33113,0.0
33115,0.0
33117,0.0
33122,0.0
33124,0.0
33128,0.0
33131,0.0
33134,0.0
33136,0.0
33138,0.0
33141,0.0
33144,0.0
33145,0.0
33146,0.0
33151,0.0
33154,0.0
33159,0.0
33162,0.0
33178,0.0
33180,0.0
33181,0.0
33191,0.0
33200,0.0
33203,0.0
33209,0.0
33210,0.0
33217,0.0
33229,0.0
33233,0.0
33234,0.0
33242,0.0
33244,0.0
33245,0.0
33276,0.0
33280,0.0
33281,0.0
33288,0.0
33295,0.0
33297,0.0
33298,0.0
33299,0.0
33303,0.0
33304,0.0
33308,0.0
33310,0.0
33314,0.0
33315,0.0
33322,0.0
33327,0.0
33330,0.0
33331,0.0
33341,0.0
33342,0.0
33348,0.0
33352,0.0
33360,0.0
33363,0.0
33370,0.0
33371,0.0
33372,0.0
33374,0.0
33380,0.0
33386,0.0
33395,0.0
33402,0.0
33409,0.0
33411,0.0
33418,0.0
33419,0.0
33423,0.0
33425,0.0
33437,0.0
33441,0.0
33444,0.0
33454,0.0
33456,0.0
33460,0.0
33463,0.0
33465,0.0
33466,0.0
33472,0.0
33476,0.0
33478,0.0
33482,0.0
33483,0.0
33487,0.0
33489,0.0
33490,0.0
33491,0.0
33497,0.0
33505,0.0
33506,0.0
33507,0.0
33512,0.0
33514,0.0
33519,0.0
33520,0.0
33526,0.0
33528,0.0
33530,0.0
33532,0.0
33533,0.0
33536,0.0
33545,0.0
33547,0.0
33550,0.0
33558,0.0
33566,0.0
33573,0.0
33581,0.0
33585,0.0
33588,0.0
33589,0.0
33592,0.0
33593,0.0
33595,0.0
33601,0.0
33604,0.0
33609,0.0
33610,0.0
33621,0.0
33622,0.0
33629,0.0
33632,0.0
33641,0.0
33645,0.0
33647,0.0
33655,0.0
33658,0.0
33659,0.0
33660,0.0
33667,0.0
33675,0.0
33678,0.0
33684,0.0
33685,0.0
33694,0.0
33695,0.0
33700,0.0
33709,0.0
33715,0.0
33716,0.0
33717,0.0
33718,0.0
33720,0.0
33721,0.0
33722,0.0
33729,0.0
33739,0.0
33744,0.0
33752,0.0
33753,0.0
33755,0.0
33760,0.0
33761,0.0
33768,0.0
33771,0.0
33773,0.0
33777,0.0
33779,0.0
33784,0.0
33785,0.0
33787,0.0
33800,0.0
33803,0.0
33806,0.0
33811,0.0
33814,0.0
33819,0.0
33824,0.0
33829,0.0
33837,0.0
33838,0.0
33840,0.0
33841,0.0
33846,0.0
33849,0.0
33851,0.0
33854,0.0
33859,0.0
33865,0.0
33875,0.0
33877,0.0
33878,0.0
33879,0.0
33881,0.0
33882,0.0
33886,0.0
33893,0.0
33903,0.0
33904,0.0
33906,0.0
33911,0.0
33914,0.0
33929,0.0
33931,0.0
33934,0.0
33936,0.0
33942,0.0
33948,0.0
33962,0.0
33968,0.0
33969,0.0
33970,0.0
33972,0.0
33979,0.0
33981,0.0
33982,0.0
33983,0.0
33985,0.0
33989,0.0
33992,0.0
33993,0.0
33997,0.0
34000,0.0
34006,0.0
34013,0.0
34022,0.0
34025,0.0
34027,0.0
34035,0.0
34041,0.0
34044,0.0
34045,0.0
34048,0.0
34055,0.0
34057,0.0
34058,0.0
34066,0.0
34067,0.0
34068,0.0
34069,0.0
34074,0.0
34082,0.0
34083,0.0
34094,0.0
34095,0.0
34097,0.0
34107,0.0
34115,0.0
34116,0.0
34121,0.0
34124,0.0
34126,0.0
34128,0.0
34129,0.0
34132,0.0
34134,0.0
34135,0.0
34139,0.0
34140,0.0
34141,0.0
34143,0.0
34145,0.0
34146,0.0
34148,0.0
34149,0.0
34153,0.0
34154,0.0
34160,0.0
34162,0.0
34163,0.0
34166,0.0
34172,0.0
34175,0.0
34179,0.0
34180,0.0
34182,0.0
34184,0.0
34187,0.0
34189,0.0
34190,0.0
34193,0.0
34196,0.0
34197,0.0
34206,0.0
34209,0.0
34210,0.0
34211,0.0
34212,0.0
34214,0.0
34220,0.0
34221,0.0
34227,0.0
34228,0.0
34230,0.0
34231,0.0
34235,0.0
34244,0.0
34245,0.0
34246,0.0
34250,0.0
34252,0.0
34253,0.0
34254,0.0
34256,0.0
34259,0.0
34261,0.0
34262,0.0
34269,0.0
34275,0.0
34287,0.0
34291,0.0
34295,0.0
34297,0.0
34299,0.0
34301,0.0
34302,0.0
34309,0.0
34313,0.0
34314,0.0
34317,0.0
34321,0.0
34324,0.0
34332,0.0
34337,0.0
34342,0.0
34346,0.0
34347,0.0
34348,0.0
34351,0.0
34361,0.0
34368,0.0
34369,0.0
34371,0.0
34378,0.0
34385,0.0
34390,0.0
34391,0.0
34393,0.0
34395,0.0
34400,0.0
34403,0.0
34407,0.0
34408,0.0
34410,0.0
34416,0.0
34418,0.0
34419,0.0
34424,0.0
34437,0.0
34440,0.0
34441,0.0
34445,0.0
34448,0.0
34456,0.0
34460,0.0
34473,0.0
34475,0.0
34481,0.0
34484,0.0
34490,0.0
34494,0.0
34498,0.0
34501,0.0
34521,0.0
34522,0.0
34524,0.0
34529,0.0
34531,0.0
34535,0.0
34536,0.0
34541,0.0
34544,0.0
34547,0.0
34549,0.0
34552,0.0
34555,0.0
34557,0.0
34562,0.0
34565,0.0
34567,0.0
34572,0.0
34573,0.0
34583,0.0
34585,0.0
34588,0.0
34592,0.0
34602,0.0
34608,0.0
34611,0.0
34613,0.0
34615,0.0
34620,0.0
34624,0.0
34628,0.0
34638,0.0
34642,0.0
34643,0.0
34652,0.0
34653,0.0
34655,0.0
34661,0.0
34664,0.0
34666,0.0
34671,0.0
34674,0.0
34676,0.0
34678,0.0
34685,0.0
34687,0.0
34688,0.0
34690,0.0
34692,0.0
34694,0.0
34700,0.0
34703,0.0
34706,0.0
34707,0.0
34708,0.0
34717,0.0
34726,0.0
34728,0.0
34731,0.0
34732,0.0
34734,0.0
34741,0.0
34744,0.0
34746,0.0
34747,0.0
34748,0.0
34752,0.0
34755,0.0
34756,0.0
34759,0.0
34761,0.0
34765,0.0
34773,0.0
34780,0.0
34781,0.0
34786,0.0
34788,0.0
34789,0.0
34790,0.0
34794,0.0
34798,0.0
34803,0.0
34805,0.0
34811,0.0
34816,0.0
34817,0.0
34825,0.0
34829,0.0
34830,0.0
34840,0.0
34845,0.0
34855,0.0
34856,0.0
34868,0.0
34882,0.0
34884,0.0
34894,0.0
34896,0.0
34898,0.0
34899,0.0
34900,0.0
34901,0.0
34906,0.0
34912,0.0
34914,0.0
34933,0.0
34935,0.0
34936,0.0
34939,0.0
34941,0.0
34942,0.0
34945,0.0
34950,0.0
34951,0.0
34955,0.0
34956,0.0
34958,0.0
34962,0.0
34968,0.0
34969,0.0
34974,0.0
34978,0.0
34980,0.0
34984,0.0
34993,0.0
34994,0.0
35000,0.0
35002,0.0
35005,0.0
35009,0.0
35019,0.0
35021,0.0
35042,0.0
35045,0.0
35049,0.0
35051,0.0
35053,0.0
35054,0.0
35066,0.0
35067,0.0
35073,0.0
35078,0.0
35079,0.0
35084,0.0
35097,0.0
35098,0.0
35099,0.0
35111,0.0
35117,0.0
35127,0.0
35128,0.0
35130,0.0
35131,0.0
35135,0.0
35139,0.0
35142,0.0
35145,0.0
35146,0.0
35147,0.0
35154,0.0
35157,0.0
35158,0.0
35164,0.0
35165,0.0
35169,0.0
35175,0.0
35177,0.0
35178,0.0
35179,0.0
35186,0.0
35187,0.0
35188,0.0
35189,0.0
35192,0.0
35199,0.0
35201,0.0
35204,0.0
35206,0.0
35207,0.0
35211,0.0
35220,0.0
35223,0.0
35230,0.0
35232,0.0
35234,0.0
35236,0.0
35239,0.0
35243,0.0
35247,0.0
35248,0.0
35250,0.0
35251,0.0
35261,0.0
35263,0.0
35266,0.0
35267,0.0
35268,0.0
35279,0.0
35282,0.0
35289,0.0
35291,0.0
35292,0.0
35293,0.0
35295,0.0
35298,0.0
35299,0.0
35302,0.0
35304,0.0
35305,0.0
35307,0.0
35312,0.0
35313,0.0
35317,0.0
35325,0.0
35329,0.0
35330,0.0
35331,0.0
35334,0.0
35343,0.0
35347,0.0
35364,0.0
35374,0.0
35375,0.0
35376,0.0
35379,0.0
35383,0.0
35386,0.0
35389,0.0
35392,0.0
35401,0.0
35414,0.0
35415,0.0
35420,0.0
35422,0.0
35434,0.0
35438,0.0
35440,0.0
35442,0.0
35455,0.0
35457,0.0
35458,0.0
35460,0.0
35461,0.0
35471,0.0
35472,0.0
35478,0.0
35483,0.0
35487,0.0
35497,0.0
35508,0.0
35509,0.0
35511,0.0
35516,0.0
35526,0.0
35528,0.0
35529,0.0
35530,0.0
35532,0.0
35535,0.0
35537,0.0
35542,0.0
35545,0.0
35548,0.0
35551,0.0
35558,0.0
35564,0.0
35566,0.0
35570,0.0
35578,0.0
35587,0.0
35588,0.0
35590,0.0
35592,0.0
35593,0.0
35602,0.0
35606,0.0
35607,0.0
35608,0.0
35615,0.0
35620,0.0
35625,0.0
35636,0.0
35638,0.0
35645,0.0
35649,0.0
35650,0.0
35654,0.0
35660,0.0
35661,0.0
35662,0.0
35663,0.0
35666,0.0
35667,0.0
35674,0.0
35686,0.0
35690,0.0
35699,0.0
35700,0.0
35708,0.0
35711,0.0
35716,0.0
35717,0.0
35720,0.0
35722,0.0
35723,0.0
35730,0.0
35732,0.0
35734,0.0
35739,0.0
35745,0.0
35747,0.0
35749,0.0
35750,0.0
35751,0.0
35753,0.0
35755,0.0
35767,0.0
35768,0.0
35771,0.0
35776,0.0
35779,0.0
35781,0.0
35782,0.0
35786,0.0
35787,0.0
35792,0.0
35796,0.0
35799,0.0
35802,0.0
35803,0.0
35814,0.0
35819,0.0
35820,0.0
35821,0.0
35823,0.0
35824,0.0
35828,0.0
35833,0.0
35834,0.0
35842,0.0
35848,0.0
35852,0.0
35857,0.0
35862,0.0
35863,0.0
35866,0.0
35875,0.0
35880,0.0
35893,0.0
35897,0.0
35905,0.0
35911,0.0
35913,0.0
35917,0.0
35924,0.0
35925,0.0
35926,0.0
35929,0.0
35931,0.0
35932,0.0
35940,0.0
35941,0.0
35946,0.0
35947,0.0
35953,0.0
35959,0.0
35964,0.0
35968,0.0
35980,0.0
35987,0.0
35992,0.0
35997,0.0
36001,0.0
36003,0.0
36006,0.0
36022,0.0
36025,0.0
36030,0.0
36031,0.0
36041,0.0
36046,0.0
36050,0.0
36056,0.0
36060,0.0
36066,0.0
36077,0.0
36081,0.0
36082,0.0
36084,0.0
36098,0.0
36102,0.0
36104,0.0
36105,0.0
36106,0.0
36114,0.0
36120,0.0
36122,0.0
36123,0.0
36125,0.0
36131,0.0
36132,0.0
36136,0.0
36137,0.0
36140,0.0
36142,0.0
36144,0.0
36153,0.0
36155,0.0
36157,0.0
36159,0.0
36160,0.0
36169,0.0
36179,0.0
36182,0.0
36193,0.0
36201,0.0
36203,0.0
36207,0.0
36211,0.0
36214,0.0
36216,0.0
36221,0.0
36223,0.0
36224,0.0
36226,0.0
36230,0.0
36232,0.0
36234,0.0
36238,0.0
36240,0.0
36243,0.0
36246,0.0
36251,0.0
36258,0.0
36267,0.0
36281,0.0
36290,0.0
36291,0.0
36295,0.0
36299,0.0
36304,0.0
36306,0.0
36312,0.0
36314,0.0
36318,0.0
36319,0.0
36325,0.0
36328,0.0
36330,0.0
36332,0.0
36333,0.0
36335,0.0
36336,0.0
36348,0.0
36350,0.0
36351,0.0
36355,0.0
36357,0.0
36362,0.0
36368,0.0
36373,0.0
36378,0.0
36380,0.0
36383,0.0
36388,0.0
36392,0.0
36399,0.0
36401,0.0
36409,0.0
36427,0.0
36436,0.0
36438,0.0
36442,0.0
36448,0.0
36450,0.0
36451,0.0
36454,0.0
36466,0.0
36470,0.0
36473,0.0
36474,0.0
36480,0.0
36484,0.0
36485,0.0
36492,0.0
36497,0.0
36505,0.0
36508,0.0
36511,0.0
36513,0.0
36516,0.0
36520,0.0
36522,0.0
36526,0.0
36528,0.0
36529,0.0
36539,0.0
36542,0.0
36546,0.0
36554,0.0
36555,0.0
36556,0.0
36560,0.0
36562,0.0
36570,0.0
36572,0.0
36573,0.0
36578,0.0
36591,0.0
36593,0.0
36595,0.0
36603,0.0
36605,0.0
36614,0.0
36619,0.0
36620,0.0
36625,0.0
36626,0.0
36629,0.0
36633,0.0
36642,0.0
36645,0.0
36650,0.0
36651,0.0
36660,0.0
36665,0.0
36668,0.0
36675,0.0
36680,0.0
36682,0.0
36686,0.0
36690,0.0
36697,0.0
36703,0.0
36708,0.0
36709,0.0
36718,0.0
36719,0.0
36722,0.0
36725,0.0
36728,0.0
36730,0.0
36739,0.0
36740,0.0
36746,0.0
36766,0.0
36773,0.0
36779,0.0
36782,0.0
36786,0.0
36795,0.0
36802,0.0
36803,0.0
36804,0.0
36805,0.0
36812,0.0
36813,0.0
36816,0.0
36826,0.0
36828,0.0
36833,0.0
36836,0.0
36838,0.0
36840,0.0
36841,0.0
36845,0.0
36846,0.0
36847,0.0
36853,0.0
36855,0.0
36856,0.0
36863,0.0
36864,0.0
36870,0.0
36884,0.0
36893,0.0
36897,0.0
36898,0.0
36903,0.0
36911,0.0
36913,0.0
36921,0.0
36930,0.0
36932,0.0
36934,0.0
36940,0.0
36942,0.0
36945,0.0
36950,0.0
36960,0.0
36962,0.0
36964,0.0
36967,0.0
36971,0.0
36978,0.0
36979,0.0
36980,0.0
36992,0.0
36995,0.0
37000,0.0
37004,0.0
37005,0.0
37008,0.0
37011,0.0
37013,0.0
37018,0.0
37020,0.0
37029,0.0
37034,0.0
37037,0.0
37038,0.0
37044,0.0
37045,0.0
37047,0.0
37048,0.0
37055,0.0
37056,0.0
37058,0.0
37072,0.0
37073,0.0
37081,0.0
37083,0.0
37086,0.0
37087,0.0
37091,0.0
37092,0.0
37094,0.0
37097,0.0
37099,0.0
37100,0.0
37116,0.0
37117,0.0
37118,0.0
37119,0.0
37124,0.0
37126,0.0
37127,0.0
37132,0.0
37133,0.0
37134,0.0
37140,0.0
37141,0.0
37142,0.0
37146,0.0
37149,0.0
37155,0.0
37160,0.0
37166,0.0
37170,0.0
37174,0.0
37177,0.0
37179,0.0
37187,0.0
37194,0.0
37196,0.0
37205,0.0
37208,0.0
37210,0.0
37215,0.0
37217,0.0
37223,0.0
37225,0.0
37226,0.0
37228,0.0
37231,0.0
37237,0.0
37238,0.0
37248,0.0
37252,0.0
37255,0.0
37257,0.0
37264,0.0
37267,0.0
37278,0.0
37279,0.0
37280,0.0
37286,0.0
37287,0.0
37292,0.0
37294,0.0
37295,0.0
37301,0.0
37306,0.0
37313,0.0
37318,0.0
37320,0.0
37321,0.0
37332,0.0
37340,0.0
37344,0.0
37345,0.0
37352,0.0
37353,0.0
37355,0.0
37363,0.0
37368,0.0
37370,0.0
37371,0.0
37375,0.0
37376,0.0
37377,0.0
37379,0.0
37382,0.0
37385,0.0
37386,0.0
37393,0.0
37399,0.0
37401,0.0
37411,0.0
37421,0.0
37426,0.0
37431,0.0
37434,0.0
37435,0.0
37442,0.0
37450,0.0
37452,0.0
37454,0.0
37458,0.0
37461,0.0
37471,0.0
37477,0.0
37487,0.0
37491,0.0
37495,0.0
37499,0.0
37502,0.0
37504,0.0
37506,0.0
37512,0.0
37514,0.0
37518,0.0
37522,0.0
37523,0.0
37531,0.0
37536,0.0
37537,0.0
37538,0.0
37543,0.0
37544,0.0
37549,0.0
37550,0.0
37557,0.0
37558,0.0
37567,0.0
37569,0.0
37574,0.0
37583,0.0
37589,0.0
37590,0.0
37593,0.0
37597,0.0
37600,0.0
37605,0.0
37614,0.0
37619,0.0
37620,0.0
37622,0.0
37626,0.0
37627,0.0
37630,0.0
37634,0.0
37654,0.0
37655,0.0
37656,0.0
37658,0.0
37659,0.0
37666,0.0
37670,0.0
37674,0.0
37675,0.0
37676,0.0
37681,0.0
37686,0.0
37691,0.0
37692,0.0
37693,0.0
37694,0.0
37695,0.0
37696,0.0
37699,0.0
37700,0.0
37702,0.0
37706,0.0
37707,0.0
37708,0.0
37709,0.0
37713,0.0
37725,0.0
37727,0.0
37728,0.0
37740,0.0
37751,0.0
37755,0.0
37757,0.0
37761,0.0
37774,0.0
37780,0.0
37785,0.0
37790,0.0
37797,0.0
37799,0.0
37803,0.0
37805,0.0
37809,0.0
37820,0.0
37823,0.0
37832,0.0
37835,0.0
37836,0.0
37838,0.0
37839,0.0
37841,0.0
37842,0.0
37848,0.0
37852,0.0
37857,0.0
37859,0.0
37862,0.0
37863,0.0
37867,0.0
37884,0.0
37885,0.0
37887,0.0
37897,0.0
37899,0.0
37905,0.0
37908,0.0
37912,0.0
37914,0.0
37920,0.0
37921,0.0
37922,0.0
37931,0.0
37932,0.0
37935,0.0
37936,0.0
37940,0.0
37949,0.0
37950,0.0
37951,0.0
37952,0.0
37955,0.0
37958,0.0
37963,0.0
37966,0.0
37969,0.0
37972,0.0
37977,0.0
37981,0.0
37984,0.0
37985,0.0
37989,0.0
37991,0.0
37999,0.0
38001,0.0
38003,0.0
38007,0.0
38008,0.0
38009,0.0
38015,0.0
38020,0.0
38021,0.0
38022,0.0
38023,0.0
38029,0.0
38034,0.0
38035,0.0
38039,0.0
38043,0.0
38051,0.0
38055,0.0
38069,0.0
38072,0.0
38081,0.0
38084,0.0
38085,0.0
38096,0.0
38097,0.0
38104,0.0
38106,0.0
38107,0.0
38108,0.0
38110,0.0
38114,0.0
38115,0.0
38123,0.0
38124,0.0
38130,0.0
38135,0.0
38137,0.0
38139,0.0
38140,0.0
38143,0.0
38144,0.0
38150,0.0
38157,0.0
38163,0.0
38173,0.0
38176,0.0
38179,0.0
38181,0.0
38185,0.0
38189,0.0
38190,0.0
38193,0.0
38195,0.0
38199,0.0
38202,0.0
38208,0.0
38209,0.0
38210,0.0
38211,0.0
38212,0.0
38213,0.0
38215,0.0
38229,0.0
38231,0.0
38241,0.0
38244,0.0
38245,0.0
38253,0.0
38273,0.0
38276,0.0
38279,0.0
38280,0.0
38284,0.0
38285,0.0
38287,0.0
38288,0.0
38301,0.0
38302,0.0
38304,0.0
38307,0.0
38309,0.0
38311,0.0
38318,0.0
38321,0.0
38322,0.0
38323,0.0
38328,0.0
38329,0.0
38330,0.0
38332,0.0
38347,0.0
38359,0.0
38360,0.0
38361,0.0
38366,0.0
38367,0.0
38369,0.0
38382,0.0
38384,0.0
38385,0.0
38387,0.0
38389,0.0
38390,0.0
38392,0.0
38394,0.0
38402,0.0
38404,0.0
38410,0.0
38411,0.0
38426,0.0
38428,0.0
38429,0.0
38433,0.0
38434,0.0
38435,0.0
38444,0.0
38447,0.0
38452,0.0
38453,0.0
38454,0.0
38463,0.0
38465,0.0
38475,0.0
38480,0.0
38500,0.0
38503,0.0
38504,0.0
38505,0.0
38508,0.0
38513,0.0
38514,0.0
38515,0.0
38520,0.0
38523,0.0
38526,0.0
38530,0.0
38543,0.0
38546,0.0
38547,0.0
38548,0.0
38551,0.0
38555,0.0
38563,0.0
38568,0.0
38569,0.0
38574,0.0
38578,0.0
38583,0.0
38585,0.0
38586,0.0
38590,0.0
38591,0.0
38592,0.0
38593,0.0
38595,0.0
38597,0.0
38598,0.0
38602,0.0
38604,0.0
38605,0.0
38608,0.0
38609,0.0
38610,0.0
38622,0.0
38624,0.0
38626,0.0
38628,0.0
38630,0.0
38632,0.0
38633,0.0
38636,0.0
38654,0.0
38655,0.0
38662,0.0
38669,0.0
38673,0.0
38675,0.0
38687,0.0
38688,0.0
38690,0.0
38694,0.0
38699,0.0
38708,0.0
38714,0.0
38718,0.0
38719,0.0
38724,0.0
38728,0.0
38731,0.0
38733,0.0
38736,0.0
38739,0.0
38743,0.0
38756,0.0
38760,0.0
38761,0.0
38768,0.0
38775,0.0
38777,0.0
38779,0.0
38780,0.0
38781,0.0
38782,0.0
38783,0.0
38784,0.0
38788,0.0
38792,0.0
38794,0.0
38805,0.0
38813,0.0
38817,0.0
38822,0.0
38827,0.0
38828,0.0
38831,0.0
38837,0.0
38844,0.0
38851,0.0
38857,0.0
38860,0.0
38863,0.0
38869,0.0
38873,0.0
38876,0.0
38880,0.0
38883,0.0
38888,0.0
38893,0.0
38898,0.0
38901,0.0
38905,0.0
38906,0.0
38907,0.0
38908,0.0
38909,0.0
38910,0.0
38914,0.0
38916,0.0
38921,0.0
38925,0.0
38936,0.0
38937,0.0
38943,0.0
38949,0.0
38950,0.0
38951,0.0
38952,0.0
38959,0.0
38962,0.0
38964,0.0
38965,0.0
38978,0.0
38980,0.0
38983,0.0
38988,0.0
38996,0.0
38997,0.0
38998,0.0
39000,0.0
39001,0.0
39002,0.0
39004,0.0
39007,0.0
39009,0.0
39014,0.0
39016,0.0
39020,0.0
39028,0.0
39034,0.0
39036,0.0
39039,0.0
39041,0.0
39047,0.0
39049,0.0
39052,0.0
39055,0.0
39066,0.0
39081,0.0
39083,0.0
39086,0.0
39089,0.0
39090,0.0
39099,0.0
39101,0.0
39109,0.0
39123,0.0
39124,0.0
39130,0.0
39137,0.0
39138,0.0
39140,0.0
39149,0.0
39150,0.0
39151,0.0
39152,0.0
39156,0.0
39157,0.0
39158,0.0
39165,0.0
39168,0.0
39169,0.0
39173,0.0
39175,0.0
39177,0.0
39183,0.0
39184,0.0
39187,0.0
39192,0.0
39200,0.0
39201,0.0
39202,0.0
39203,0.0
39205,0.0
39211,0.0
39221,0.0
39223,0.0
39225,0.0
39227,0.0
39231,0.0
39235,0.0
39240,0.0
39242,0.0
39251,0.0
39253,0.0
39269,0.0
39272,0.0
39280,0.0
39290,0.0
39291,0.0
39292,0.0
39295,0.0
39297,0.0
39299,0.0
39301,0.0
39302,0.0
39304,0.0
39308,0.0
39317,0.0
39320,0.0
39327,0.0
39331,0.0
39333,0.0
39341,0.0
39344,0.0
39349,0.0
39353,0.0
39362,0.0
39378,0.0
39379,0.0
39386,0.0
39387,0.0
39394,0.0
39400,0.0
39404,0.0
39408,0.0
39414,0.0
39415,0.0
39417,0.0
39419,0.0
39421,0.0
39422,0.0
39424,0.0
39425,0.0
39429,0.0
39431,0.0
39432,0.0
39437,0.0
39438,0.0
39441,0.0
39442,0.0
39444,0.0
39447,0.0
39456,0.0
39457,0.0
39459,0.0
39463,0.0
39465,0.0
39468,0.0
39469,0.0
39470,0.0
39479,0.0
39483,0.0
39487,0.0
39502,0.0
39506,0.0
39510,0.0
39514,0.0
39517,0.0
39518,0.0
39524,0.0
39533,0.0
39534,0.0
39536,0.0
39547,0.0
39560,0.0
39562,0.0
39564,0.0
39569,0.0
39570,0.0
39572,0.0
39574,0.0
39575,0.0
39580,0.0
39582,0.0
39585,0.0
39586,0.0
39590,0.0
39592,0.0
39599,0.0
39604,0.0
39606,0.0
39608,0.0
39615,0.0
39620,0.0
39621,0.0
39624,0.0
39625,0.0
39626,0.0
39627,0.0
39628,0.0
39631,0.0
39632,0.0
39640,0.0
39643,0.0
39646,0.0
39648,0.0
39651,0.0
39652,0.0
39654,0.0
39664,0.0
39666,0.0
39668,0.0
39670,0.0
39671,0.0
39676,0.0
39678,0.0
39683,0.0
39687,0.0
39688,0.0
39694,0.0
39697,0.0
39703,0.0
39704,0.0
39705,0.0
39711,0.0
39718,0.0
39719,0.0
39721,0.0
39725,0.0
39729,0.0
39730,0.0
39731,0.0
39734,0.0
39740,0.0
39747,0.0
39748,0.0
39760,0.0
39761,0.0
39762,0.0
39763,0.0
39764,0.0
39765,0.0
39766,0.0
39767,0.0
39768,0.0
39769,0.0
39770,0.0
39771,0.0
39772,0.0
39773,0.0
39774,0.0
39775,0.0
39776,0.0
39777,0.0
39778,0.0
39779,0.0
